house_type,locality,city,area,beds,bathrooms,balconies,furnishing,area_rate,rent
1 BHK House for Rent in Jakkur Bangalore,Jakkur,Bangalore,600.0,1,1,0,Unfurnished,27.0,16000.0
4 BHK House for Rent in Indiranagar Bangalore,Indira Nagar,Bangalore,2000.0,4,3,0,Semi-Furnished,40.0,80000.0
"3 BHK Flat for Rent in Whitefield, Bangalore",Whitefield,Bangalore,1543.0,3,3,0,Unfurnished,39.0,60000.0
"3 BHK Flat for Rent in CV Raman Nagar, Bangalore",C V Raman Nagar,Bangalore,1900.0,3,3,3,Semi-Furnished,37.0,70000.0
"2 BHK Flat for Rent in Balagere, Bangalore",Balagere,Bangalore,1200.0,2,2,2,Semi-Furnished,16.0,19000.0
2 BHK House for Rent in Medahalli Bangalore,MedaHalli,Bangalore,300.0,2,2,0,Semi-Furnished,83.0,25000.0
1 BHK House for Rent in Harsha Layout Kengeri Satellite Town Bangalore,Harsha Layout,Bangalore,850.0,1,1,0,Semi-Furnished,11.0,9000.0
"4 BHK Flat for Rent in Pulikeshi Nagar, Bangalore",Frazer Town,Bangalore,2350.0,4,3,0,Furnished,38.0,90000.0
"2 BHK Flat for Rent in Budigere, Bangalore",Budigere,Bangalore,1153.0,2,2,2,Semi-Furnished,29.0,34000.0
"2 BHK Flat for Rent in Kasavanahalli, Bangalore",Kasavanahalli,Bangalore,1500.0,2,2,0,Semi-Furnished,27.0,40000.0
"2 BHK Flat for Rent in Marathahalli, Bangalore",Marathahalli,Bangalore,1180.0,2,2,2,Semi-Furnished,32.0,38000.0
"3 BHK Flat for Rent in Hebbal, Bangalore",Hebbal,Bangalore,3000.0,3,3,2,Furnished,57.0,170000.0
3 BHK House for Rent in Sahakar Nagar Bangalore,Sahakara Nagar,Bangalore,1400.0,3,3,0,Unfurnished,29.0,40000.0
"2 BHK Flat for Rent in Hebbal, Bangalore",Hebbal,Bangalore,1420.0,2,2,2,Semi-Furnished,25.0,35000.0
4 BHK Villa for Rent in Hennur Gardens Bangalore,Hennur,Bangalore,3000.0,4,5,2,Furnished,67.0,200000.0
3 BHK House for Rent in Electronic City Bangalore,Electronic City,Bangalore,2000.0,3,3,3,Semi-Furnished,13.0,25000.0
"3 BHK Flat for Rent in Balagere, Bangalore",Balagere,Bangalore,1700.0,3,3,2,Semi-Furnished,37.0,63000.0
"4 BHK Flat for Rent in Hulimavu, Bangalore",Hulimavu,Bangalore,3560.0,4,5,5,Furnished,37.0,130000.0
"3 BHK Flat for Rent in Sarjapur Road, Bangalore",Sarjapur Road,Bangalore,1200.0,3,3,2,Furnished,38.0,45000.0
"3 BHK Flat for Rent in Begur Road, Bangalore",Begur Road,Bangalore,1631.0,3,2,2,Semi-Furnished,36.0,58000.0
"3 BHK Flat for Rent in Neeladri Nagar, Bangalore",Neeladri Nagar,Bangalore,1845.0,3,3,3,Semi-Furnished,24.0,45000.0
2 BHK House for Rent in RR Nagar Bangalore,Rajarajeshwari Nagar,Bangalore,900.0,2,2,0,Unfurnished,19.0,17000.0
"2 BHK House for Rent in Hoodi, Hoodi Bangalore",Hoodi,Bangalore,1200.0,2,2,0,Semi-Furnished,16.0,19000.0
2 BHK House for Rent in Stage 3rd HAL Bangalore,HAL 3rd Stage,Bangalore,600.0,2,1,0,Semi-Furnished,33.0,20000.0
4 BHK Villa for Rent in State Highway 104 Bangalore,State Highway 104,Bangalore,4900.0,4,4,0,Furnished,33.0,160000.0
"2 BHK Flat for Rent in Manayata Tech Park, Bangalore",Manyata Tech Park,Bangalore,800.0,2,2,2,Unfurnished,38.0,30000.0
"4 BHK Flat for Rent in Thanisandra Main Road, Bangalore",Thanisandra Main Road,Bangalore,2494.0,4,4,0,Semi-Furnished,160.0,400000.0
"2 BHK House for Rent in Pns Layout, Kalyan Nagar Bangalore",PNS Layout,Bangalore,650.0,2,2,0,Semi-Furnished,31.0,20000.0
"4 BHK Flat for Rent in Block 1st Koramangala, Bangalore",Block 1st Koramangala,Bangalore,2100.0,4,4,3,Furnished,71.0,150000.0
"2 BHK Flat for Rent in Sampigehalli, Sampigehalli, Bangalore",Sampigehalli,Bangalore,340.0,2,2,0,Semi-Furnished,94.0,32000.0
4 BHK House for Rent in Whitefield Bangalore,Whitefield,Bangalore,1750.0,4,5,3,Unfurnished,57.0,100000.0
"3 BHK Flat for Rent in Marathahalli, Bangalore",Marathahalli,Bangalore,1580.0,3,3,3,Semi-Furnished,38.0,60000.0
"3 BHK Flat for Rent in Stage 2 Indiranagar, Bangalore",Indira nagar Stage 2,Bangalore,1700.0,3,3,3,Furnished,44.0,75000.0
"2 BHK Flat for Rent in Gottigere, Bangalore",Gottigere,Bangalore,1178.0,2,2,4,Unfurnished,15.0,18000.0
"3 BHK Flat for Rent in Itpl, Whitefield, Bangalore",ITPL,Bangalore,1800.0,3,3,2,Semi-Furnished,40.0,72000.0
1 BHK House for Rent in Yelahanka Bangalore,Yelahanka,Bangalore,1100.0,1,2,0,Unfurnished,11.0,12000.0
"2 BHK Flat for Rent in Hennur Gardens, Bangalore",Hennur,Bangalore,800.0,2,2,0,Semi-Furnished,45.0,36000.0
"2 BHK Flat for Rent in Sarjapur Road, Bangalore",Sarjapur Road,Bangalore,1237.0,2,2,0,Semi-Furnished,40.0,50000.0
"3 BHK Flat for Rent in Domlur, Domlur, Bangalore",Domlur,Bangalore,1750.0,3,4,3,Semi-Furnished,57.0,100000.0
2 BHK House for Rent in Gottigere Bangalore,Gottigere,Bangalore,700.0,2,1,0,Semi-Furnished,11.0,7500.0
"2 BHK Flat for Rent in Harlur, Bangalore",Harlur,Bangalore,845.0,2,2,0,Semi-Furnished,53.0,45000.0
2 BHK House for Rent in MKS Layout Bangalore,MKS Layout,Bangalore,1000.0,2,2,0,Semi-Furnished,25.0,25000.0
"2 BHK Flat for Rent in Stage 2nd BTM Layout, Bangalore",BTM Layout Stage 2,Bangalore,600.0,2,2,0,Semi-Furnished,47.0,28000.0
"4 BHK Flat for Rent in Tumkur Road, Bangalore",Tumkur Road,Bangalore,1520.0,4,5,2,Semi-Furnished,36.0,55000.0
"3 BHK Flat for Rent in Nagdevanahalli, Bangalore",Nagdevanahalli,Bangalore,1240.0,3,2,2,Semi-Furnished,20.0,25000.0
1 BHK House for Rent in Btm Layout Bangalore,BTM Layout,Bangalore,500.0,1,1,0,Semi-Furnished,25.0,12500.0
1 BHK House for Rent in Horamavu Bangalore,Horamavu,Bangalore,800.0,1,1,0,Unfurnished,19.0,15000.0
"2 BHK Flat for Rent in Tumkur Road, Bangalore",Tumkur Road,Bangalore,1058.0,2,2,0,Semi-Furnished,64.0,68000.0
4 BHK Villa for Rent in Hoskote Bangalore,Hoskote,Bangalore,2650.0,4,4,0,Semi-Furnished,13.0,35000.0
"3 BHK Flat for Rent in Phase 5 JP Nagar, Bangalore",Phase 5 JP Nagar,Bangalore,1200.0,3,2,0,Semi-Furnished,69.0,83334.0
"> 10 BHK Flat for Rent in Bagalur Main Road, Bangalore",Bagalur Main Road,Bangalore,795.0,10,2,0,Semi-Furnished,23.0,18000.0
1 BHK House for Rent in Phase 8th JP Nagar Bangalore,Phase 8th JP Nagar,Bangalore,600.0,1,1,0,Semi-Furnished,23.0,14000.0
"4 BHK Flat for Rent in Thanisandra, Bangalore",Thanisandra,Bangalore,2359.0,4,5,0,Furnished,51.0,120000.0
"3 BHK Flat for Rent in Hulimavu, Bangalore",Hulimavu,Bangalore,1175.0,3,2,2,Semi-Furnished,27.0,32000.0
"3 BHK Flat for Rent in Ashok Nagar, Bangalore",Ashok Nagar,Bangalore,2300.0,3,3,3,Semi-Furnished,87.0,200000.0
"3 BHK Flat for Rent in Whitefield, Bangalore",Whitefield,Bangalore,1382.0,3,3,2,Semi-Furnished,72.0,100000.0
"1 BHK Flat for Rent in Hsr Layout, Bangalore",HSR Layout,Bangalore,550.0,1,1,0,Semi-Furnished,47.0,26000.0
1 BHK House for Rent in Byrathi Bangalore,Byrathi,Bangalore,700.0,1,1,0,Semi-Furnished,14.0,10000.0
"4 BHK Flat for Rent in 1A Block Koramangala, Bangalore",1A Block Koramangala,Bangalore,2100.0,4,4,3,Semi-Furnished,83.0,180000.0
4 BHK Villa for Rent in Bommasandra Bangalore,Bommasandra,Bangalore,2200.0,4,4,0,Semi-Furnished,18.0,40000.0
"3 BHK Flat for Rent in Aavalahalli, Bangalore",Avalahalli,Bangalore,2200.0,3,5,3,Semi-Furnished,37.0,82000.0
"3 BHK Flat for Rent in Banaswadi, Bangalore",Banaswadi,Bangalore,1600.0,3,3,2,Semi-Furnished,28.0,44000.0
"2 BHK Flat for Rent in Jalahalli West, Bangalore",Jalahalli West,Bangalore,800.0,2,2,0,Furnished,30.0,24000.0
"3 BHK Flat for Rent in Kasavanahalli, Bangalore",Kasavanahalli,Bangalore,1511.0,3,3,0,Semi-Furnished,33.0,50000.0
"2 BHK Flat for Rent in Palanahalli Road, Bangalore",Palanahalli Road,Bangalore,900.0,2,2,2,Furnished,24.0,22000.0
"3 BHK Flat for Rent in Stage 2 Indiranagar, Bangalore",Indira nagar Stage 2,Bangalore,1800.0,3,3,2,Unfurnished,56.0,100000.0
4 BHK House for Rent in Doddakannelli Bangalore,Doddakannelli,Bangalore,2200.0,4,4,0,Furnished,36.0,80000.0
"3 BHK House for Rent in Kaggadasapura, Indira nagar Bangalore",Kaggadasapura,Bangalore,2400.0,3,3,0,Semi-Furnished,23.0,55000.0
"3 BHK Flat for Rent in Thanisandra, Bangalore",Thanisandra,Bangalore,1800.0,3,4,3,Furnished,67.0,120000.0
2 BHK House for Rent in Kaval Bairasandra Bangalore,Kaval Byrasandra,Bangalore,800.0,2,2,0,Semi-Furnished,25.0,20000.0
1 BHK House for Rent in Kammanahalli Bangalore,Kammanahalli,Bangalore,300.0,1,1,0,Semi-Furnished,27.0,8000.0
"2 BHK Flat for Rent in Vinayak Nagar Kattigenahalli, Bangalore",Vinayak Nagar,Bangalore,1220.0,2,2,3,Semi-Furnished,12.0,15000.0
2 BHK House for Rent in Sunkadakatte Bangalore,Sunkadakatte,Bangalore,600.0,2,1,0,Semi-Furnished,15.0,9000.0
1 BHK House for Rent in Phase 2 Electronic City Bangalore,Electronic City Phase 2,Bangalore,400.0,1,1,0,Furnished,54.0,21500.0
"5 BHK Flat for Rent in Anchepalya, Bangalore",Anchepalya,Bangalore,2171.0,5,5,2,Furnished,39.0,85000.0
3 BHK Villa for Rent in Sarjapur Road Bangalore,Sarjapur Road,Bangalore,2500.0,3,3,3,Unfurnished,18.0,45199.0
"1 BHK Flat for Rent in Choodasandra, Bangalore",Choodasandra,Bangalore,400.0,1,1,0,Unfurnished,25.0,10000.0
"2 BHK Flat for Rent in Prithvi Layout, Whitefield, Bangalore",Prithvi layout,Bangalore,850.0,2,2,0,Unfurnished,34.0,29000.0
"3 BHK Flat for Rent in Bannerghatta Main Road, Bangalore",Bannerghatta Road,Bangalore,2072.0,3,4,0,Furnished,39.0,80000.0
4 BHK Villa for Rent in Seegehalli Bangalore,Seegehalli,Bangalore,2900.0,4,4,2,Semi-Furnished,34.0,100000.0
4 BHK Villa for Rent in Devanahalli Bangalore,Devanahalli,Bangalore,3100.0,4,6,4,Furnished,29.0,90000.0
"2 BHK Flat for Rent in Kammanahalli, Bangalore",Kammanahalli,Bangalore,1200.0,2,1,0,Semi-Furnished,17.0,20000.0
1 BHK House for Rent in Spice Garden Layout Bangalore,Spice Garden Layout,Bangalore,800.0,1,2,0,Semi-Furnished,21.0,16500.0
2 BHK House for Rent in Block 6th Koramangala Bangalore,Block 6th Koramangala,Bangalore,1000.0,2,2,0,Semi-Furnished,32.0,32000.0
4 BHK House for Rent in Ex Servicemen Colony RT Nagar Bangalore,Ex Service Men Colony,Bangalore,3700.0,4,4,4,Unfurnished,11.0,39000.0
"3 BHK Flat for Rent in Mahatma Gandhi Nagar, Basaveshvara Nagar, Bangalore",Mahatma Gandhi Nagar,Bangalore,1545.0,3,3,2,Semi-Furnished,55.0,85000.0
4 BHK Villa for Rent in Yelahanka Bangalore,Yelahanka,Bangalore,4035.0,4,5,10,Unfurnished,99.0,400000.0
"1 BHK Flat for Rent in Karthik Nagar, Bangalore",Karthik Nagar,Bangalore,500.0,1,1,0,Furnished,50.0,25000.0
3 BHK House for Rent in Nagavara Bangalore,Nagavara,Bangalore,1400.0,3,2,0,Semi-Furnished,25.0,35000.0
1 BHK House for Rent in Sector 2 HSR Layout Bangalore,Sector 2 HSR Layout,Bangalore,550.0,1,1,0,Semi-Furnished,41.0,22500.0
2 BHK House for Rent in Abbigere Bangalore,Abbigere,Bangalore,650.0,2,1,0,Unfurnished,8.0,5000.0
"3 BHK Flat for Rent in Doddakannelli, Bangalore",Doddakannelli,Bangalore,1500.0,3,3,2,Unfurnished,30.0,45000.0
"4 BHK Flat for Rent in Manyata Residency, Thanisandra, Bangalore",Manyata Residency,Bangalore,3100.0,4,5,2,Semi-Furnished,37.0,110000.0
"2 BHK Flat for Rent in RT Nagar, Bangalore",RT Nagar,Bangalore,600.0,2,2,0,Semi-Furnished,27.0,16000.0
"2 BHK House for Rent in Akshya Nagar, Ramamurthi Nagar Bangalore",Akshya Nagar,Bangalore,1000.0,2,2,0,Furnished,19.0,18500.0
"3 BHK Flat for Rent in Bagalur Main Road, Bangalore",Bagalur Main Road,Bangalore,1224.0,3,2,0,Unfurnished,25.0,30000.0
1 BHK House for Rent in Mahadevapura Bangalore,Mahadevapura,Bangalore,400.0,1,1,0,Semi-Furnished,35.0,14000.0
"2 BHK Flat for Rent in Tumkur Road, Bangalore",Tumkur Road,Bangalore,569.0,2,2,0,Semi-Furnished,22.0,12500.0
"2 BHK Flat for Rent in RT Nagar, Bangalore",RT Nagar,Bangalore,1200.0,2,2,0,Furnished,29.0,35000.0
3 BHK House for Rent in Gunjur Balagere Road Bangalore,Gunjur Balagere Road,Bangalore,1400.0,3,3,2,Semi-Furnished,29.0,40000.0
"3 BHK Flat for Rent in Whitefield, Bangalore",Whitefield,Bangalore,1561.0,3,3,3,Semi-Furnished,54.0,85000.0
1 BHK House for Rent in Stage 1 Banashankari Bangalore,Banashankari Stage 1,Bangalore,200.0,1,1,0,Unfurnished,26.0,5300.0
"2 BHK Flat for Rent in Block 1st Koramangala, Bangalore",Block 1st Koramangala,Bangalore,850.0,2,2,0,Semi-Furnished,35.0,30000.0
"4 BHK Flat for Rent in Benson Town, Bangalore",Benson Town,Bangalore,3300.0,4,4,3,Furnished,68.0,230000.0
"3 BHK Flat for Rent in Jakkur, Bangalore",Jakkur,Bangalore,1100.0,3,3,2,Unfurnished,29.0,32000.0
"3 BHK Flat for Rent in Dollars Colony Stage 2nd RMV, Bangalore",Dollars Colony,Bangalore,2400.0,3,3,0,Semi-Furnished,50.0,120000.0
"3 BHK Flat for Rent in Yelahanka, Bangalore",Yelahanka,Bangalore,2100.0,3,4,0,Semi-Furnished,21.0,45000.0
"4 BHK Villa for Rent in Bellandur, Outer Ring Road Bangalore",Bellandur,Bangalore,3400.0,4,5,2,Semi-Furnished,68.0,230000.0
2 BHK House for Rent in Varthur Bangalore,Varthur,Bangalore,950.0,2,2,0,Semi-Furnished,28.0,26500.0
"3 BHK House for Rent in Beml Layout-Brookefield, Brookefield Bangalore",BEML Layout-Brookefield,Bangalore,1600.0,3,2,0,Furnished,31.0,50000.0
"2 BHK Flat for Rent in Haralur Main Road, Bangalore",Haralur Main Road,Bangalore,1303.0,2,2,0,Furnished,46.0,60000.0
1 BHK House for Rent in Kempapura Agrahara Bangalore,Kempapura Agrahara,Bangalore,800.0,1,1,0,Semi-Furnished,13.0,10500.0
2 BHK House for Rent in Abbigere Bangalore,Abbigere,Bangalore,600.0,2,2,0,Unfurnished,16.0,9500.0
3 BHK Villa for Rent in Thanisandra Bangalore,Thanisandra,Bangalore,3000.0,3,3,0,Semi-Furnished,40.0,120000.0
5 BHK Villa for Rent in Muthanallur Bangalore,Muthanallur,Bangalore,3500.0,5,5,0,Semi-Furnished,37.0,130000.0
"3 BHK Flat for Rent in Phase 7 JP Nagar, Bangalore",Phase 7 JP Nagar,Bangalore,1550.0,3,3,0,Furnished,23.0,35000.0
"3 BHK Flat for Rent in Gummanahalli, Bangalore",Gummanahalli,Bangalore,1055.0,3,3,2,Unfurnished,35.0,37000.0
1 BHK House for Rent in Bangalore Shivamogga Road Bangalore,Bangalore Shivamogga Road,Bangalore,650.0,1,1,0,Unfurnished,10.0,6250.0
1 BHK House for Rent in Srinagar Bangalore,Srinagar,Bangalore,1100.0,1,1,0,Semi-Furnished,6.0,6500.0
1 BHK House for Rent in Hongasandra Bangalore,Hongasandra,Bangalore,400.0,1,1,0,Semi-Furnished,25.0,10000.0
3 BHK House for Rent in Yelahanka New Town Bangalore,Yelahanka New Town,Bangalore,1000.0,3,3,0,Semi-Furnished,25.0,25000.0
4 BHK Villa for Rent in Kudlu Bangalore,Kudlu,Bangalore,3200.0,4,4,0,Furnished,31.0,100000.0
"4 BHK Flat for Rent in Sathya Sai Layout, Whitefield, Bangalore",Sathya Sai Layout,Bangalore,1700.0,4,4,4,Semi-Furnished,27.0,46000.0
"2 BHK Flat for Rent in Sector 3 HSR Layout, Bangalore",Sector 3 HSR Layout,Bangalore,1100.0,2,2,2,Furnished,25.0,28000.0
"1 BHK Flat for Rent in Annasandrapalya Extension, Bangalore",Annasandrapalya Extension,Bangalore,800.0,1,1,0,Unfurnished,16.0,13000.0
"3 BHK Flat for Rent in Kaval Bairasandra, Bangalore",Kaval Byrasandra,Bangalore,2000.0,3,3,3,Unfurnished,22.0,45000.0
"1 BHK Flat for Rent in Manayata Tech Park, Bangalore",Manyata Tech Park,Bangalore,690.0,1,1,0,Unfurnished,58.0,40000.0
3 BHK House for Rent in Sector 5th HSR Layout Bangalore,Sector 5 HSR Layout,Bangalore,2400.0,3,3,2,Semi-Furnished,31.0,75000.0
4 BHK Villa for Rent in Devanahalli Bangalore,Devanahalli,Bangalore,2800.0,4,4,0,Semi-Furnished,36.0,100000.0
4 BHK Villa for Rent in Haralur Main Road Bangalore,Haralur Main Road,Bangalore,3300.0,4,5,0,Furnished,33.0,110000.0
"1 BHK House for Rent in Devinagar, Outer Ring Road Bangalore",Devinagar,Bangalore,500.0,1,1,0,Unfurnished,20.0,10000.0
5 BHK Villa for Rent in Upkar Layout Whitefield Bangalore,Upkar Layout Whitefield,Bangalore,5000.0,5,6,3,Semi-Furnished,24.0,120000.0
"2 BHK Flat for Rent in Koramangala, Bangalore",Koramangala,Bangalore,1200.0,2,2,2,Unfurnished,46.0,55000.0
"3 BHK Flat for Rent in Marathahalli, Bangalore",Marathahalli,Bangalore,1429.0,3,3,3,Unfurnished,40.0,57000.0
"2 BHK Flat for Rent in Devanahalli, Bangalore",Devanahalli,Bangalore,1360.0,2,2,0,Semi-Furnished,22.0,30000.0
"3 BHK Flat for Rent in Attibele, Bangalore",Attibele,Bangalore,1400.0,3,3,0,Furnished,23.0,32000.0
4 BHK Villa for Rent in Sir M Visvesvaraya Inst Road Bangalore,Sir M Visvesvaraya Inst Road,Bangalore,3310.0,4,4,3,Semi-Furnished,57.0,190000.0
"2 BHK Flat for Rent in CV Raman Nagar, Bangalore",C V Raman Nagar,Bangalore,1150.0,2,2,0,Semi-Furnished,30.0,35000.0
2 BHK Villa for Rent in Attibele Bangalore,Attibele,Bangalore,1500.0,2,3,0,Unfurnished,12.0,18000.0
1 BHK House for Rent in Vyalikaval HBCS Layout Nagavara Bangalore,Vyalikaval HBCS Layout,Bangalore,650.0,1,1,0,Semi-Furnished,31.0,20000.0
1 BHK House for Rent in Hongasandra Bangalore,Hongasandra,Bangalore,550.0,1,1,0,Unfurnished,15.0,8000.0
1 BHK House for Rent in RT Nagar Bangalore,RT Nagar,Bangalore,800.0,1,1,0,Semi-Furnished,26.0,21000.0
2 BHK House for Rent in Krishnarajapura Bangalore,KR Puram,Bangalore,1100.0,2,2,0,Semi-Furnished,20.0,22000.0
"3 BHK Flat for Rent in Naganathapura Rayasandra, Bangalore",Naganathapura,Bangalore,1500.0,3,3,0,Semi-Furnished,22.0,33000.0
"3 BHK Flat for Rent in Rachenahalli Main Road, Bangalore",Rachenahalli Main Road,Bangalore,1700.0,3,3,0,Semi-Furnished,26.0,45000.0
"3 BHK Flat for Rent in Kanakapura Road, Bangalore",Kanakapura Road,Bangalore,1500.0,3,3,2,Semi-Furnished,30.0,45000.0
"4 BHK Flat for Rent in Kanakapura Road, Bangalore",Kanakapura Road,Bangalore,2500.0,4,5,2,Semi-Furnished,34.0,85000.0
"2 BHK Flat for Rent in Bidare Agraha, Bangalore",Bidare Agrahara,Bangalore,650.0,2,2,2,Semi-Furnished,27.0,17500.0
4 BHK House for Rent in Stage 2 Indiranagar Bangalore,Indira nagar Stage 2,Bangalore,2000.0,4,4,3,Semi-Furnished,70.0,140000.0
"3 BHK Flat for Rent in Banashankari, Bangalore",Banashankari,Bangalore,2378.0,3,3,0,Semi-Furnished,28.0,66300.0
"2 BHK Flat for Rent in Phase 2 Electronic City, Bangalore",Electronic City Phase 2,Bangalore,918.0,2,2,0,Semi-Furnished,20.0,18000.0
"2 BHK Flat for Rent in Uttarahalli Hobli, Bangalore",Uttarahalli,Bangalore,1280.0,2,2,2,Furnished,24.0,31000.0
"3 BHK Flat for Rent in Hsr Layout, Bangalore",HSR Layout,Bangalore,2400.0,3,3,0,Semi-Furnished,25.0,60000.0
"2 BHK Flat for Rent in Amruthnagar, Bangalore",Amruthnagar,Bangalore,1200.0,2,2,3,Semi-Furnished,18.0,22000.0
4 BHK Villa for Rent in Agrahara Badavane Bangalore,Agrahara Layout,Bangalore,2900.0,4,4,4,Semi-Furnished,22.0,65000.0
2 BHK House for Rent in Hennur Main Road Bangalore,Hennur Main Road,Bangalore,1011.0,2,2,0,Unfurnished,40.0,40000.0
2 BHK House for Rent in Phase 1st JP Nagar Bangalore,Phase 1st JP Nagar,Bangalore,750.0,2,2,2,Semi-Furnished,40.0,30000.0
"3 BHK Flat for Rent in Kanakapura Road, Bangalore",Kanakapura Road,Bangalore,1603.0,3,3,3,Semi-Furnished,35.0,56000.0
"1 BHK House for Rent in Vidhana Soudha Layout, Kaveri Nagar Bangalore",Vidhana Soudha Layout,Bangalore,1000.0,1,1,0,Furnished,13.0,13000.0
2 BHK House for Rent in Byrathi Bangalore,Byrathi,Bangalore,1200.0,2,2,0,Unfurnished,12.0,14000.0
"2 BHK Flat for Rent in CV Raman Nagar, Bangalore",C V Raman Nagar,Bangalore,1090.0,2,2,0,Semi-Furnished,24.0,26000.0
"2 BHK Flat for Rent in Seegehalli Road, Bangalore",Seegehalli Road,Bangalore,1430.0,2,2,2,Unfurnished,21.0,30000.0
"2 BHK Flat for Rent in Tumkur Road, Bangalore",Tumkur Road,Bangalore,495.0,2,2,0,Furnished,26.0,13000.0
2 BHK House for Rent in RK Hegde Nagar Bangalore,Hegde Nagar,Bangalore,750.0,2,2,2,Unfurnished,19.0,14500.0
1 BHK House for Rent in Varthur Bangalore,Varthur,Bangalore,500.0,1,1,0,Semi-Furnished,19.0,9500.0
"3 BHK Flat for Rent in Yelenahalli, Bangalore",Yelenahalli,Bangalore,1400.0,3,3,2,Semi-Furnished,46.0,63900.0
"2 BHK House for Rent in Mcechs Layout, Jakkuru Bangalore",MCECHS Layout,Bangalore,900.0,2,2,0,Semi-Furnished,39.0,35000.0
"3 BHK Flat for Rent in Bommanahalli, Bangalore",Bommanahalli,Bangalore,1600.0,3,2,2,Furnished,56.0,90000.0
3 BHK House for Rent in Vignan Nagar Bangalore,Vignan Nagar,Bangalore,2000.0,3,3,2,Furnished,35.0,70000.0
"2 BHK Flat for Rent in Thanisandra, Bangalore",Thanisandra,Bangalore,945.0,2,1,0,Semi-Furnished,19.0,18000.0
"3 BHK Flat for Rent in Bellary Road, Bangalore",Bellary Road,Bangalore,2636.0,3,4,2,Unfurnished,19.0,50000.0
"2 BHK Flat for Rent in Chikkakannalli, Bangalore",Chikkakannalli,Bangalore,1100.0,2,2,0,Furnished,55.0,60000.0
"3 BHK Flat for Rent in Bommasandra, Bangalore",Bommasandra,Bangalore,1050.0,3,2,3,Semi-Furnished,19.0,20000.0
"3 BHK Flat for Rent in Samethanahalli, Bangalore",Samethanahalli,Bangalore,2000.0,3,3,3,Semi-Furnished,48.0,95000.0
"2 BHK Flat for Rent in Chandapura, Bangalore",Chandapura,Bangalore,1034.0,2,2,2,Furnished,21.0,22000.0
1 BHK House for Rent in Sarjapur Road Bangalore,Sarjapur Road,Bangalore,300.0,1,1,0,Furnished,60.0,18000.0
1 BHK House for Rent in Sector 2 HSR Layout Bangalore,Sector 2 HSR Layout,Bangalore,700.0,1,1,0,Semi-Furnished,31.0,22000.0
2 BHK House for Rent in Kannamangala Bangalore,Kannamangala,Bangalore,900.0,2,2,0,Semi-Furnished,14.0,13000.0
"3 BHK Flat for Rent in Bannerghatta Main Road, Bangalore",Bannerghatta Road,Bangalore,1400.0,3,3,3,Semi-Furnished,39.0,55000.0
2 BHK House for Rent in Sathanur Bangalore,Sathanur,Bangalore,1000.0,2,2,0,Semi-Furnished,16.0,16000.0
"> 10 BHK Flat for Rent in Lakkasandra Extension, Wilson Garden, Bangalore",Lakkasandra Extension,Bangalore,5000.0,10,0,4,Furnished,36.0,180000.0
"2 BHK Flat for Rent in Thanisandra, Bangalore",Thanisandra,Bangalore,1010.0,2,2,3,Semi-Furnished,32.0,32000.0
2 BHK House for Rent in Doddakannelli Bangalore,Doddakannelli,Bangalore,1250.0,2,2,0,Semi-Furnished,30.0,38000.0
2 BHK House for Rent in Manjunatha Nagar Kalkere Bangalore,Manjunatha Nagar Kalkere,Bangalore,1200.0,2,2,0,Semi-Furnished,25.0,30000.0
"2 BHK Flat for Rent in Jakkur, Bangalore",Jakkur,Bangalore,1200.0,2,3,0,Semi-Furnished,27.0,32000.0
"3 BHK Flat for Rent in Kundalahalli, Brookefield, Bangalore",Kundalahalli,Bangalore,1388.0,3,3,2,Semi-Furnished,43.0,60000.0
"2 BHK Flat for Rent in Rhcs Layout, Sunkadakatte, Bangalore",RHCS Layout,Bangalore,600.0,2,1,0,Semi-Furnished,13.0,8000.0
"3 BHK Flat for Rent in Hebbal, Bangalore",Hebbal,Bangalore,1345.0,3,3,3,Semi-Furnished,52.0,70000.0
4 BHK Villa for Rent in Krishnarajapura Bangalore,KR Puram,Bangalore,2888.0,4,4,3,Semi-Furnished,35.0,100000.0
2 BHK House for Rent in Bilekahalli Bangalore,Bilekahalli,Bangalore,950.0,2,2,0,Semi-Furnished,29.0,28000.0
"3 BHK Flat for Rent in Defence Enclave, Bangalore",Defence Enclave,Bangalore,1560.0,3,3,2,Semi-Furnished,28.0,43000.0
"3 BHK Flat for Rent in Begur Hulimavu Road, Bangalore",Begur Hulimavu Road,Bangalore,1450.0,3,2,3,Furnished,22.0,32000.0
"3 BHK Flat for Rent in Sarjapur Road, Bangalore",Sarjapur Road,Bangalore,1150.0,3,3,2,Semi-Furnished,35.0,40000.0
"2 BHK Flat for Rent in Sarjapur Road, Bangalore",Sarjapur Road,Bangalore,1051.0,2,2,0,Semi-Furnished,42.0,44000.0
"2 BHK Flat for Rent in Subs Nagar, Chikkajala, Bangalore-Hyderabad Hwy, Bangalore",Subs Nagar,Bangalore,802.0,2,2,2,Semi-Furnished,37.0,30000.0
"2 BHK Flat for Rent in Kempegowda International Airport Road, Bangalore",New International Airport Road,Bangalore,1000.0,2,1,2,Semi-Furnished,30.0,30000.0
"2 BHK Flat for Rent in Sarjapur Road, Bangalore",Sarjapur Road,Bangalore,1248.0,2,2,2,Unfurnished,24.0,30000.0
1 BHK House for Rent in Hongasandra Bangalore,Hongasandra,Bangalore,500.0,1,1,0,Unfurnished,11.0,5500.0
"3 BHK Flat for Rent in Electronic City, Bangalore",Electronic City,Bangalore,1518.0,3,3,2,Furnished,26.0,40000.0
"1 BHK Flat for Rent in Whitefield, Bangalore",Whitefield,Bangalore,550.0,1,1,0,Unfurnished,47.0,26000.0
"3 BHK Flat for Rent in Bannerughatta, Bangalore",Bannerghatta,Bangalore,1600.0,3,3,2,Semi-Furnished,44.0,70000.0
2 BHK House for Rent in Whitefield Bangalore,Whitefield,Bangalore,700.0,2,2,0,Furnished,21.0,15000.0
"2 BHK Flat for Rent in Kanakapura Road, Bangalore",Kanakapura Road,Bangalore,1230.0,2,2,0,Unfurnished,41.0,50000.0
"3 BHK Flat for Rent in Seegehalli, Bangalore",Seegehalli,Bangalore,1900.0,3,3,2,Furnished,39.0,75000.0
1 BHK House for Rent in Chandapura Bangalore,Chandapura,Bangalore,300.0,1,1,0,Unfurnished,18.0,5500.0
"2 BHK Villa for Rent in Lingarajapuram, Lingarajapuram, Hennur Main Road Bangalore",Lingarajapuram,Bangalore,900.0,2,2,0,Semi-Furnished,22.0,20000.0
"3 BHK Flat for Rent in Hsr Layout, Bangalore",HSR Layout,Bangalore,1479.0,3,3,0,Semi-Furnished,34.0,50000.0
"2 BHK Flat for Rent in Sahakar Nagar, Bangalore",Sahakara Nagar,Bangalore,1400.0,2,2,3,Semi-Furnished,24.0,33500.0
"3 BHK Flat for Rent in Kudlu Gate, Bangalore",Kudlu Gate,Bangalore,1560.0,3,2,0,Semi-Furnished,38.0,60000.0
3 BHK Villa for Rent in Yelahanka Bangalore,Yelahanka,Bangalore,3000.0,3,3,0,Furnished,23.0,70000.0
1 BHK House for Rent in Munnekollal Bangalore,Munnekollal,Bangalore,600.0,1,1,0,Semi-Furnished,17.0,10000.0
"1 BHK House for Rent in Veerannapalya, Nagavara Bangalore",Veerannapalya,Bangalore,150.0,1,1,0,Furnished,40.0,6000.0
"4 BHK Flat for Rent in Pai Layout Mahadevapura, Bangalore",Pai Layout Mahadevapura,Bangalore,2700.0,4,4,2,Semi-Furnished,34.0,93000.0
"2 BHK Flat for Rent in Ramamurthy Nagar, Bangalore",Ramamurthy Nagar,Bangalore,600.0,2,2,0,Semi-Furnished,12.0,7000.0
"3 BHK Flat for Rent in Kammanahalli, Bangalore",Kammanahalli,Bangalore,1900.0,3,3,2,Furnished,45.0,85000.0
3 BHK House for Rent in Sarjapur Road Bangalore,Sarjapur Road,Bangalore,4100.0,3,4,0,Semi-Furnished,14.0,58000.0
1 BHK House for Rent in Bengaluru Kanakapura Road Bangalore,Bengaluru Kanakapura Road,Bangalore,800.0,1,1,0,Unfurnished,22.0,18000.0
"2 BHK Flat for Rent in Kasavanahalli, Bangalore",Kasavanahalli,Bangalore,1084.0,2,2,3,Semi-Furnished,25.0,27500.0
1 BHK House for Rent in Shanti Nagar Bangalore,Shanti Nagar,Bangalore,400.0,1,1,0,Unfurnished,32.0,13000.0
"3 BHK Flat for Rent in Rayasandra Main Road, Bangalore",Rayasandra Main Road,Bangalore,1300.0,3,3,2,Semi-Furnished,31.0,40000.0
3 BHK Villa for Rent in Kanakapura Road Bangalore,Kanakapura Road,Bangalore,1690.0,3,3,0,Semi-Furnished,24.0,40000.0
5 BHK House for Rent in Nagapura Bangalore,Nagapura,Bangalore,2500.0,5,4,0,Unfurnished,32.0,80000.0
"2 BHK Flat for Rent in Bannerghatta Main Road, Bangalore",Bannerghatta Road,Bangalore,1050.0,2,2,0,Semi-Furnished,33.0,35000.0
"3 BHK Flat for Rent in Hennur Main Road, Bangalore",Hennur Main Road,Bangalore,1740.0,3,3,0,Semi-Furnished,32.0,55000.0
1 BHK House for Rent in Mico Layout Hongasandra Bangalore,Mico Layout,Bangalore,400.0,1,1,0,Unfurnished,45.0,18000.0
"4 BHK Flat for Rent in Kempapura, Bangalore",Kempapura,Bangalore,4500.0,4,4,3,Semi-Furnished,78.0,350000.0
"1 BHK Flat for Rent in Horamavu, Bangalore",Horamavu,Bangalore,992.0,1,1,0,Furnished,20.0,20000.0
2 BHK House for Rent in Phase 5 JP Nagar Bangalore,Phase 5 JP Nagar,Bangalore,1400.0,2,3,2,Semi-Furnished,21.0,30000.0
"2 BHK Flat for Rent in Thanisandra, Bangalore",Thanisandra,Bangalore,1045.0,2,2,0,Unfurnished,35.0,37000.0
3 BHK Villa for Rent in Sarjapura Bangalore,Sarjapur,Bangalore,1550.0,3,3,0,Unfurnished,22.0,34000.0
"3 BHK Flat for Rent in Hsr Layout, Bangalore",HSR Layout,Bangalore,2000.0,3,3,0,Furnished,40.0,80000.0
"1 BHK Flat for Rent in 2nd Block Rajajinagar, Bangalore",Rajaji Nagar Block 2,Bangalore,650.0,1,1,0,Semi-Furnished,23.0,15000.0
"3 BHK Flat for Rent in Sri Balaji Layout, Bangalore",Sri Balaji Layout,Bangalore,1432.0,3,2,2,Semi-Furnished,21.0,30000.0
"2 BHK Flat for Rent in Kanakapura Road, Bangalore",Kanakapura Road,Bangalore,1218.0,2,2,2,Semi-Furnished,39.0,48000.0
"2 BHK Flat for Rent in Balagere, Bangalore",Balagere,Bangalore,850.0,2,2,0,Semi-Furnished,47.0,40000.0
"3 BHK Flat for Rent in Dollars Colony Stage 2nd RMV, Bangalore",Dollars Colony,Bangalore,1300.0,3,3,2,Semi-Furnished,115.0,150000.0
"2 BHK Flat for Rent in Judicial Layout, Yelahanka, Bangalore",Judicial Layout,Bangalore,720.0,2,2,0,Semi-Furnished,42.0,30000.0
"2 BHK Flat for Rent in Gunjur, Bangalore",Gunjur,Bangalore,1255.0,2,2,0,Semi-Furnished,30.0,38000.0
"2 BHK Flat for Rent in Cox Town, Bangalore",Cox Town,Bangalore,1035.0,2,2,0,Semi-Furnished,41.0,42000.0
"3 BHK Flat for Rent in Whitefield, Bangalore",Whitefield,Bangalore,1839.0,3,3,2,Unfurnished,38.0,70000.0
"2 BHK Flat for Rent in Singasandra, Hosur Road, Bangalore",Singasandra,Bangalore,1000.0,2,2,2,Semi-Furnished,20.0,20000.0
"1 BHK Flat for Rent in Whitefield, Bangalore",Whitefield,Bangalore,680.0,1,1,0,Furnished,88.0,60000.0
"1 BHK Flat for Rent in Singapura, Bangalore",Singapura,Bangalore,600.0,1,2,0,Unfurnished,12.0,7000.0
"3 BHK Flat for Rent in Prithvi Layout, Whitefield, Bangalore",Prithvi layout,Bangalore,1830.0,3,3,2,Semi-Furnished,31.0,56000.0
2 BHK House for Rent in Electronic City Bangalore,Electronic City,Bangalore,700.0,2,2,0,Furnished,17.0,12000.0
"1 BHK Flat for Rent in Hsr Layout, Bangalore",HSR Layout,Bangalore,480.0,1,1,0,Furnished,52.0,25000.0
3 BHK Villa for Rent in Attibele Anekal Road Bangalore,Attibele Anekal Road,Bangalore,1200.0,3,3,0,Semi-Furnished,21.0,25000.0
"1 BHK Flat for Rent in Yelahanka, Bangalore",Yelahanka,Bangalore,453.0,1,1,0,Semi-Furnished,55.0,25000.0
"3 BHK Flat for Rent in Stage 1 Indiranagar, Bangalore",Indira nagar Stage 1,Bangalore,2000.0,3,3,3,Semi-Furnished,58.0,120000.0
"4 BHK Flat for Rent in Itpl, Whitefield, Bangalore",ITPL,Bangalore,2525.0,4,5,2,Semi-Furnished,44.0,110000.0
"3 BHK Flat for Rent in Phase 1st JP Nagar, Bangalore",Phase 1st JP Nagar,Bangalore,2124.0,3,3,0,Semi-Furnished,38.0,80000.0
3 BHK House for Rent in Kodathi Bangalore,Kodathi,Bangalore,1200.0,3,2,0,Semi-Furnished,19.0,23000.0
"3 BHK Flat for Rent in Uttarahalli Hobli, Bangalore",Uttarahalli,Bangalore,1285.0,3,3,2,Semi-Furnished,29.0,37500.0
"2 BHK Flat for Rent in Neeladri Nagar, Bangalore",Neeladri Nagar,Bangalore,1080.0,2,2,0,Semi-Furnished,23.0,25000.0
"1 BHK House for Rent in Kamakshipalya, Outer Ring Road Bangalore",Kamakshipalya,Bangalore,600.0,1,1,0,Unfurnished,14.0,8500.0
"1 BHK Flat for Rent in Mullur, Bangalore",Mullur,Bangalore,550.0,1,1,0,Semi-Furnished,24.0,13000.0
"2 BHK Flat for Rent in Ecc Road, Whitefield, Bangalore",ECC Road,Bangalore,1170.0,2,2,2,Semi-Furnished,25.0,29000.0
"2 BHK Flat for Rent in Hebbal Kempapura, Bangalore",Hebbal Kempapura,Bangalore,1200.0,2,2,0,Semi-Furnished,23.0,28000.0
"3 BHK Flat for Rent in RMV Extension Stage 2nd RMV, Bangalore",RMV Extension,Bangalore,1600.0,3,3,2,Semi-Furnished,34.0,55000.0
2 BHK House for Rent in Koppa Bangalore,Koppa,Bangalore,1200.0,2,2,0,Semi-Furnished,8.0,10000.0
3 BHK House for Rent in Binnamangala Stage 1 Indiranagar Bangalore,Binnamangala Stage 1 Indiranagar,Bangalore,2400.0,3,3,0,Semi-Furnished,35.0,85000.0
"3 BHK Flat for Rent in Yelahanka New Town, Bangalore",Yelahanka New Town,Bangalore,1300.0,3,3,0,Semi-Furnished,31.0,40000.0
4 BHK House for Rent in Sadashiva Nagar Bangalore,Sadashiva Nagar,Bangalore,2200.0,4,4,3,Semi-Furnished,57.0,130000.0
"4 BHK Flat for Rent in Vasanth Nagar, Bangalore",Vasanth Nagar,Bangalore,2750.0,4,5,3,Furnished,91.0,250000.0
2 BHK House for Rent in Bilekahalli Bangalore,Bilekahalli,Bangalore,1200.0,2,2,3,Semi-Furnished,167.0,200000.0
"3 BHK Flat for Rent in Channasandra, Bangalore",Channasandra,Bangalore,1704.0,3,3,0,Semi-Furnished,47.0,80000.0
"2 BHK House for Rent in Rachenahalli, Thanisandra Bangalore",Rachenahalli,Bangalore,1200.0,2,2,0,Semi-Furnished,22.0,27000.0
"2 BHK Flat for Rent in Maruthi Nagar Attiguppe, Bangalore",Maruthi Nagar Attiguppe,Bangalore,800.0,2,2,0,Semi-Furnished,30.0,24000.0
"2 BHK Flat for Rent in Sahakar Nagar, Bangalore",Sahakara Nagar,Bangalore,1300.0,2,2,0,Unfurnished,27.0,35000.0
2 BHK Villa for Rent in Yelahanka Bangalore,Yelahanka,Bangalore,1200.0,2,2,0,Semi-Furnished,29.0,35000.0
"3 BHK Flat for Rent in Hoodi, Hoodi, Bangalore",Hoodi,Bangalore,1802.0,3,3,3,Semi-Furnished,25.0,45000.0
"2 BHK Flat for Rent in HAL Old Airport Road, Bangalore",HAL Old Airport Road,Bangalore,1431.0,2,2,0,Unfurnished,70.0,100000.0
5 BHK House for Rent in Sunkadakatte Bangalore,Sunkadakatte,Bangalore,4500.0,5,4,0,Semi-Furnished,14.0,65000.0
"3 BHK Flat for Rent in Sarjapur Road, Bangalore",Sarjapur Road,Bangalore,1750.0,3,3,2,Furnished,43.0,75000.0
"3 BHK Flat for Rent in Mysore Road, Bangalore",Mysore Road,Bangalore,900.0,3,2,0,Unfurnished,17.0,15000.0
"3 BHK Flat for Rent in Talacauvery Layout Byatarayanapura, Bangalore",Talacauvery Layout,Bangalore,1100.0,3,2,0,Semi-Furnished,27.0,30000.0
"3 BHK Flat for Rent in Sarjapur Road, Bangalore",Sarjapur Road,Bangalore,1470.0,3,3,2,Semi-Furnished,37.0,55000.0
"3 BHK Flat for Rent in Lakshmipura, Bangalore",Lakshmipura,Bangalore,1700.0,3,3,2,Semi-Furnished,15.0,26000.0
2 BHK House for Rent in Hulimavu Bangalore,Hulimavu,Bangalore,1150.0,2,2,2,Semi-Furnished,15.0,17000.0
2 BHK House for Rent in Siddapura Whitefield Bangalore,Siddapur,Bangalore,750.0,2,1,0,Unfurnished,19.0,14500.0
"2 BHK Flat for Rent in Hennur Main Road, Bangalore",Hennur Main Road,Bangalore,1359.0,2,2,2,Furnished,32.0,43000.0
"3 BHK Flat for Rent in Whitefield, Bangalore",Whitefield,Bangalore,1655.0,3,3,2,Semi-Furnished,30.0,50000.0
1 BHK House for Rent in Basavanagudi Bangalore,Basavanagudi,Bangalore,700.0,1,1,0,Semi-Furnished,16.0,11000.0
2 BHK House for Rent in Vibhutipura Bangalore,Vibhutipura,Bangalore,1000.0,2,2,0,Semi-Furnished,8.0,8000.0
1 BHK House for Rent in Bidare Agraha Bangalore,Bidare Agrahara,Bangalore,500.0,1,1,0,Semi-Furnished,15.0,7500.0
"4 BHK Flat for Rent in Whitefield, Bangalore",Whitefield,Bangalore,2600.0,4,4,4,Semi-Furnished,33.0,85000.0
2 BHK House for Rent in Kalyan Nagar Bangalore,Kalyan Nagar,Bangalore,1220.0,2,2,0,Furnished,18.0,22000.0
3 BHK House for Rent in Abbaiah Reddy Layout Bangalore,Abbaiah Reddy Layout,Bangalore,1400.0,3,2,0,Semi-Furnished,18.0,25000.0
"2 BHK Flat for Rent in Bannerghatta Main Road, Bangalore",Bannerghatta Road,Bangalore,1380.0,2,2,2,Unfurnished,22.0,30000.0
"3 BHK Flat for Rent in Hebbal, Bangalore",Hebbal,Bangalore,2119.0,3,3,0,Semi-Furnished,35.0,75000.0
"2 BHK Flat for Rent in Whitefield, Bangalore",Whitefield,Bangalore,1346.0,2,2,2,Furnished,41.0,55000.0
"3 BHK Flat for Rent in Thanisandra, Bangalore",Thanisandra,Bangalore,2900.0,3,4,0,Semi-Furnished,121.0,350000.0
4 BHK House for Rent in Block 3rd Koramangala Bangalore,Block 3rd Koramangala,Bangalore,4800.0,4,4,4,Semi-Furnished,63.0,300000.0
4 BHK House for Rent in Rajajinagar Bangalore,Rajaji Nagar,Bangalore,2000.0,4,4,0,Furnished,48.0,95000.0
"1 BHK Flat for Rent in Kundalahalli, Brookefield, Bangalore",Kundalahalli,Bangalore,500.0,1,1,0,Semi-Furnished,25.0,12500.0
"1 BHK House for Rent in Mangammanapalya, Hosur Road Bangalore",Mangammanapalya,Bangalore,500.0,1,1,0,Semi-Furnished,20.0,10000.0
"3 BHK Flat for Rent in Krishnarajapura, Bangalore",KR Puram,Bangalore,2064.0,3,3,2,Semi-Furnished,28.0,57999.0
"3 BHK Flat for Rent in Hebbal, Bangalore",Hebbal,Bangalore,2480.0,3,3,2,Furnished,28.0,70000.0
"1 BHK Flat for Rent in Stage 2nd Banashankari, Bangalore",Banashankari Stage 2,Bangalore,300.0,1,1,0,Semi-Furnished,35.0,10500.0
"1 BHK Flat for Rent in Munnekollal, Bangalore",Munnekollal,Bangalore,400.0,1,1,0,Semi-Furnished,29.0,11500.0
2 BHK House for Rent in Ejipura Bangalore,Ejipura,Bangalore,950.0,2,2,0,Unfurnished,29.0,28000.0
"3 BHK Flat for Rent in Kanakapura, Bangalore",Kanakapura,Bangalore,1900.0,3,3,3,Semi-Furnished,26.0,50000.0
"3 BHK Flat for Rent in Bellandur, Outer Ring Road, Bangalore",Bellandur,Bangalore,1350.0,3,3,4,Semi-Furnished,58.0,78000.0
"2 BHK Flat for Rent in Sampigehalli, Sampigehalli, Bangalore",Sampigehalli,Bangalore,1722.0,2,2,0,Semi-Furnished,21.0,37000.0
"2 BHK Flat for Rent in Seegehalli Krishnarajapura, Bangalore",Seegehalli KR Puram,Bangalore,1120.0,2,2,2,Semi-Furnished,13.0,14000.0
2 BHK House for Rent in Annapurneshwari Nagar Bangalore,Annapurneshwari Nagar,Bangalore,700.0,2,2,0,Unfurnished,17.0,12000.0
"5 BHK Flat for Rent in Whitefield, Bangalore",Whitefield,Bangalore,4550.0,5,6,0,Furnished,29.0,130000.0
"2 BHK Flat for Rent in Bidare Agraha, Bangalore",Bidare Agrahara,Bangalore,750.0,2,2,0,Furnished,27.0,20000.0
"4 BHK Flat for Rent in Kasavanahalli, Bangalore",Kasavanahalli,Bangalore,3000.0,4,3,2,Semi-Furnished,28.0,85000.0
"3 BHK Flat for Rent in Kasavanahalli, Bangalore",Kasavanahalli,Bangalore,1717.0,3,3,3,Semi-Furnished,35.0,60000.0
1 BHK House for Rent in Sector 2 HSR Layout Bangalore,Sector 2 HSR Layout,Bangalore,500.0,1,1,0,Semi-Furnished,20.0,10000.0
"1 BHK Flat for Rent in Teachers Colony -Hsr Layout, HSR Layout, Bangalore",Teachers Colony -HSR Layout,Bangalore,250.0,1,1,0,Furnished,40.0,10000.0
"3 BHK Flat for Rent in Sarjapur Road, Bangalore",Sarjapur Road,Bangalore,1730.0,3,3,2,Semi-Furnished,32.0,55000.0
"3 BHK Flat for Rent in Sarjapur Road, Bangalore",Sarjapur Road,Bangalore,1980.0,3,3,3,Unfurnished,35.0,69000.0
"2 BHK Flat for Rent in Neeladri Nagar, Bangalore",Neeladri Nagar,Bangalore,980.0,2,2,0,Furnished,22.0,22000.0
"1 BHK Flat for Rent in Stage 1 BTM Layout, Bangalore",BTM Layout Stage 1,Bangalore,650.0,1,1,0,Semi-Furnished,28.0,18000.0
"3 BHK Flat for Rent in Devanahalli, Bangalore",Devanahalli,Bangalore,1275.0,3,2,0,Semi-Furnished,27.0,35000.0
8 BHK Villa for Rent in Sadahalli Main Road Bangalore,Sadahalli Main Road,Bangalore,5000.0,8,8,3,Furnished,85.0,430000.0
"2 BHK Flat for Rent in Hosa Road, off Hosur Road, Bangalore",Hosa Road,Bangalore,1221.0,2,2,0,Furnished,29.0,36000.0
"3 BHK Flat for Rent in Hsr Layout, Bangalore",HSR Layout,Bangalore,1700.0,3,3,2,Semi-Furnished,38.0,65000.0
"2 BHK Flat for Rent in Domlur, Domlur, Bangalore",Domlur,Bangalore,1525.0,2,2,2,Semi-Furnished,34.0,52000.0
1 BHK House for Rent in Ramaswamipalya Lingarajapuram Bangalore,RS Palya,Bangalore,600.0,1,1,0,Semi-Furnished,13.0,8000.0
"2 BHK House for Rent in Chamundeshwari Layout, Arakere Bangalore",Chamundeshwari Layout,Bangalore,950.0,2,2,0,Semi-Furnished,158.0,150000.0
4 BHK House for Rent in Sector 2 HSR Layout Bangalore,Sector 2 HSR Layout,Bangalore,3500.0,4,4,3,Unfurnished,46.0,160000.0
4 BHK House for Rent in Block 7th Jayanagar Bangalore,Block 7th Jayanagar,Bangalore,3800.0,4,3,3,Furnished,46.0,180000.0
"3 BHK Flat for Rent in Sarjapur Road, Bangalore",Sarjapur Road,Bangalore,1885.0,3,3,3,Semi-Furnished,35.0,66500.0
"2 BHK Flat for Rent in Block 5th Jayanagar, Bangalore",Block 5th Jayanagar,Bangalore,1200.0,2,2,0,Semi-Furnished,50.0,60000.0
1 BHK House for Rent in Bapuji Nagar Bangalore,Bapuji Nagar,Bangalore,500.0,1,1,0,Unfurnished,15.0,7500.0
"1 BHK Flat for Rent in Begur, Bangalore",Begur,Bangalore,450.0,1,1,0,Semi-Furnished,22.0,10000.0
3 BHK House for Rent in Abbigere Bangalore,Abbigere,Bangalore,1100.0,3,4,2,Furnished,18.0,20000.0
"2 BHK Flat for Rent in Yelahanka Airforce Base, Bangalore",Yelahanka Air Force base,Bangalore,1375.0,2,2,2,Furnished,36.0,50000.0
3 BHK House for Rent in Ganganagar Bangalore,Ganganagar,Bangalore,1000.0,3,3,0,Semi-Furnished,15.0,15000.0
"3 BHK Flat for Rent in Seegehalli, Bangalore",Seegehalli,Bangalore,1360.0,3,2,0,Semi-Furnished,33.0,45000.0
"2 BHK Flat for Rent in Ecc Road, Whitefield, Bangalore",ECC Road,Bangalore,1047.0,2,2,0,Semi-Furnished,43.0,45000.0
"4 BHK Flat for Rent in Koramangala, Bangalore",Koramangala,Bangalore,2600.0,4,4,0,Furnished,54.0,140000.0
"2 BHK Flat for Rent in Hebbal, Bangalore",Hebbal,Bangalore,1060.0,2,2,0,Semi-Furnished,26.0,28000.0
"3 BHK Flat for Rent in Bellandur, Outer Ring Road, Bangalore",Bellandur,Bangalore,2380.0,3,4,3,Semi-Furnished,33.0,78000.0
4 BHK Villa for Rent in Sompura Bangalore,Sompura,Bangalore,1820.0,4,4,2,Semi-Furnished,74.0,140000.0
"2 BHK Flat for Rent in Kanakapura Road, Bangalore",Kanakapura Road,Bangalore,1025.0,2,2,0,Semi-Furnished,37.0,38000.0
1 BHK House for Rent in Murgesh Pallya Bangalore,Murugeshpalya,Bangalore,600.0,1,1,0,Unfurnished,37.0,22000.0
"1 BHK Flat for Rent in Spencer Road, Bangalore",Spencer Road,Bangalore,800.0,1,1,0,Semi-Furnished,20.0,16000.0
2 BHK House for Rent in Margondanahalli Bangalore,Margondanahalli,Bangalore,1000.0,2,2,0,Semi-Furnished,14.0,14000.0
"4 BHK Flat for Rent in Singasandra, Hosur Road, Bangalore",Singasandra,Bangalore,3500.0,4,4,4,Furnished,17.0,58000.0
"2 BHK Flat for Rent in Babusabpalya, Bangalore",Babusahib Palya,Bangalore,1040.0,2,2,2,Semi-Furnished,37.0,38000.0
2 BHK House for Rent in Doddakannelli Bangalore,Doddakannelli,Bangalore,600.0,2,2,0,Semi-Furnished,47.0,28000.0
"2 BHK House for Rent in Udaya Nagar, Mahadevapura Bangalore",Udaya nagar,Bangalore,1100.0,2,2,0,Semi-Furnished,20.0,22000.0
"2 BHK Flat for Rent in Jigani, Bangalore",Jigani,Bangalore,1024.0,2,2,0,Semi-Furnished,16.0,16500.0
"2 BHK Flat for Rent in Kasavanahalli, Bangalore",Kasavanahalli,Bangalore,1050.0,2,2,2,Unfurnished,33.0,35000.0
"1 BHK House for Rent in Ramagondanahalli-Whitefield, Whitefield Bangalore",Ramagondanahalli-Whitefield,Bangalore,420.0,1,1,0,Unfurnished,62.0,26000.0
"2 BHK Flat for Rent in Electronic City, Bangalore",Electronic City,Bangalore,755.0,2,2,0,Semi-Furnished,13.0,10000.0
1 BHK House for Rent in Nagondanahalli Bangalore,Nagondanahalli,Bangalore,550.0,1,1,0,Furnished,27.0,15000.0
"3 BHK Flat for Rent in Ambalipura Sarjapur Road, Bangalore",Ambalipura Sarjapur Road,Bangalore,1600.0,3,3,0,Semi-Furnished,41.0,65000.0
"2 BHK Flat for Rent in Whitefield, Bangalore",Whitefield,Bangalore,1000.0,2,2,2,Semi-Furnished,42.0,42000.0
4 BHK Villa for Rent in Whitefield Bangalore,Whitefield,Bangalore,4000.0,4,5,3,Furnished,23.0,90000.0
1 BHK House for Rent in Tumkur Road Bangalore,Tumkur Road,Bangalore,500.0,1,1,0,Unfurnished,11.0,5500.0
"2 BHK Flat for Rent in Devarabisanahalli, Bangalore",Devarabisanahalli,Bangalore,1200.0,2,2,0,Furnished,41.0,49000.0
2 BHK House for Rent in Bannerghatta Main Road Bangalore,Bannerghatta Road,Bangalore,1200.0,2,2,0,Semi-Furnished,13.0,16000.0
"2 BHK Flat for Rent in Phase 2nd JP Nagar, Bangalore",Phase 2nd JP Nagar,Bangalore,1000.0,2,2,0,Semi-Furnished,32.0,32000.0
"3 BHK Flat for Rent in Hebbal, Bangalore",Hebbal,Bangalore,1600.0,3,3,3,Semi-Furnished,40.0,64000.0
"2 BHK Flat for Rent in Kaggadasapura, Indira nagar, Bangalore",Kaggadasapura,Bangalore,900.0,2,2,3,Semi-Furnished,33.0,30000.0
"2 BHK Flat for Rent in Abbigere, Bangalore",Abbigere,Bangalore,1268.0,2,2,0,Furnished,28.0,35000.0
1 BHK House for Rent in Shanti Nagar Bangalore,Shanti Nagar,Bangalore,300.0,1,1,0,Unfurnished,40.0,12000.0
"2 BHK Flat for Rent in Budigere, Bangalore",Budigere,Bangalore,840.0,2,2,2,Semi-Furnished,36.0,30000.0
"2 BHK Flat for Rent in Doddanekundi, Kartik Nagar, Bangalore",Doddanekundi,Bangalore,1210.0,2,2,0,Semi-Furnished,24.0,29000.0
"3 BHK Flat for Rent in Basavanagar Main Road, Bangalore",Basavanagar Main Road,Bangalore,1770.0,3,3,2,Semi-Furnished,23.0,40000.0
"2 BHK House for Rent in Mallathahalli, Outer Ring Road Bangalore",Mallathahalli,Bangalore,800.0,2,2,0,Semi-Furnished,24.0,19500.0
"1 BHK Flat for Rent in Whitefield, Bangalore",Whitefield,Bangalore,639.0,1,1,0,Furnished,78.0,50000.0
"3 BHK Flat for Rent in Hunasamaranahalli, Bangalore-Hyderabad Hwy, Bangalore",Hunasamaranahalli,Bangalore,1559.0,3,2,0,Semi-Furnished,23.0,36000.0
"2 BHK Flat for Rent in Ramamurthy Nagar, Bangalore",Ramamurthy Nagar,Bangalore,950.0,2,2,0,Semi-Furnished,19.0,18000.0
4 BHK Villa for Rent in Hennur Main Road Bangalore,Hennur Main Road,Bangalore,2957.0,4,4,2,Unfurnished,34.0,100000.0
"4 BHK Villa for Rent in Itpl, Whitefield Bangalore",ITPL,Bangalore,3500.0,4,4,2,Furnished,40.0,140000.0
2 BHK House for Rent in CV Raman Nagar Bangalore,C V Raman Nagar,Bangalore,900.0,2,2,0,Semi-Furnished,31.0,28000.0
"1 BHK Flat for Rent in Thanisandra, Bangalore",Thanisandra,Bangalore,950.0,1,2,0,Unfurnished,84.0,80000.0
"2 BHK Flat for Rent in Murgesh Pallya, Bangalore",Murugeshpalya,Bangalore,1170.0,2,2,2,Unfurnished,28.0,33000.0
4 BHK House for Rent in Stage 2 RMV Bangalore,RMV Extension Stage 2,Bangalore,2900.0,4,3,2,Furnished,78.0,230000.0
2 BHK House for Rent in Medahalli Bangalore,MedaHalli,Bangalore,750.0,2,1,0,Unfurnished,17.0,13000.0
"2 BHK Flat for Rent in Bilekahalli, Bangalore",Bilekahalli,Bangalore,1160.0,2,2,3,Semi-Furnished,22.0,26000.0
"2 BHK Flat for Rent in Hbr Layout, Bangalore",HBR Layout,Bangalore,1100.0,2,2,0,Unfurnished,35.0,38000.0
2 BHK House for Rent in Phase 7 JP Nagar Bangalore,Phase 7 JP Nagar,Bangalore,1050.0,2,2,2,Semi-Furnished,17.0,18000.0
2 BHK House for Rent in Bhoganhalli Bangalore,Bhoganhalli,Bangalore,1400.0,2,3,0,Semi-Furnished,18.0,25000.0
"2 BHK Flat for Rent in Vidyaranyapura, Bangalore",Vidyaranyapura,Bangalore,1000.0,2,2,0,Semi-Furnished,22.0,22000.0
1 BHK House for Rent in Basavanagara Bangalore,Basavanagara,Bangalore,650.0,1,1,0,Unfurnished,20.0,13000.0
"3 BHK Flat for Rent in Hebbal, Bangalore",Hebbal,Bangalore,1645.0,3,3,2,Semi-Furnished,33.0,55000.0
"2 BHK Flat for Rent in Aavalahalli, Bangalore",Avalahalli,Bangalore,1200.0,2,2,0,Semi-Furnished,8.0,10000.0
2 BHK House for Rent in Soladevanahalli Bangalore,Soladevanahalli,Bangalore,800.0,2,1,0,Semi-Furnished,9.0,7000.0
"3 BHK Flat for Rent in Rajajinagar, Bangalore",Rajaji Nagar,Bangalore,2400.0,3,4,3,Unfurnished,83.0,200000.0
2 BHK House for Rent in Phase 7 JP Nagar Bangalore,Phase 7 JP Nagar,Bangalore,1000.0,2,2,0,Semi-Furnished,17.0,16500.0
"3 BHK Flat for Rent in Hosur Road, Bangalore",Hosur Road,Bangalore,1836.0,3,3,2,Semi-Furnished,48.0,88000.0
1 BHK House for Rent in Kothnur Bangalore,Kothnur,Bangalore,450.0,1,1,0,Unfurnished,18.0,8000.0
3 BHK House for Rent in Indiranagar Bangalore,Indira Nagar,Bangalore,2200.0,3,3,2,Semi-Furnished,39.0,85000.0
"2 BHK Flat for Rent in Jayanagar, Bangalore",Jayanagar,Bangalore,1400.0,2,2,2,Unfurnished,34.0,47000.0
"3 BHK Flat for Rent in Kaggadasapura, Indira nagar, Bangalore",Kaggadasapura,Bangalore,1200.0,3,2,2,Semi-Furnished,23.0,27000.0
2 BHK House for Rent in Uttarahalli Hobli Bangalore,Uttarahalli,Bangalore,1200.0,2,3,0,Unfurnished,29.0,35000.0
"2 BHK Flat for Rent in Manayata Tech Park, Bangalore",Manyata Tech Park,Bangalore,990.0,2,2,0,Semi-Furnished,42.0,42000.0
"3 BHK Flat for Rent in Begur Road, Bangalore",Begur Road,Bangalore,1860.0,3,3,3,Unfurnished,30.0,56000.0
"3 BHK Flat for Rent in Bellahalli, Bangalore",Mitganahalli,Bangalore,950.0,3,3,0,Semi-Furnished,29.0,28000.0
4 BHK House for Rent in Sanjayanagara Bangalore,Sanjayanagara,Bangalore,1450.0,4,2,2,Semi-Furnished,14.0,20000.0
4 BHK Villa for Rent in Sarjapur Road Bangalore,Sarjapur Road,Bangalore,4346.0,4,4,3,Furnished,55.0,240000.0
"3 BHK Flat for Rent in Halasuru, Bangalore",Halasuru,Bangalore,3400.0,3,4,3,Semi-Furnished,59.0,200000.0
"5 BHK Flat for Rent in Kariyammana Agrahara, Bellandur, Bangalore",Kariyammana Agrahara,Bangalore,5965.0,5,5,4,Semi-Furnished,38.0,230000.0
2 BHK House for Rent in Naagarabhaavi Bangalore,Nagarbhavi,Bangalore,700.0,2,1,2,Semi-Furnished,11.0,8000.0
"1 BHK Flat for Rent in Indiranagar, Bangalore",Indira Nagar,Bangalore,880.0,1,1,0,Furnished,36.0,32000.0
"3 BHK Flat for Rent in J P Nagar, Bangalore",JP Nagar,Bangalore,1500.0,3,2,3,Semi-Furnished,31.0,46000.0
3 BHK House for Rent in Talaghattapura Bangalore,Talaghattapura,Bangalore,1200.0,3,3,0,Semi-Furnished,17.0,20000.0
"3 BHK Flat for Rent in Marenahalli - Vijaynagar, West Of Chord Road, Bangalore",Marenahalli - Vijaynagar,Bangalore,1250.0,3,2,0,Semi-Furnished,18.0,23000.0
"1 BHK Flat for Rent in Marathahalli Village, Marathahalli, Bangalore",Marathahalli village,Bangalore,500.0,1,1,0,Semi-Furnished,20.0,10000.0
"3 BHK Flat for Rent in Sarjapur Road, Bangalore",Sarjapur Road,Bangalore,1350.0,3,3,3,Semi-Furnished,48.0,65000.0
"1 BHK House for Rent in Jc Nagar-Kurubarahalli, Kamala Nagar Bangalore",JC Nagar-Kurubarahalli,Bangalore,350.0,1,1,0,Semi-Furnished,21.0,7500.0
"1 BHK Flat for Rent in Veerasandra, Bangalore",Veerasandra,Bangalore,660.0,1,1,0,Semi-Furnished,30.0,20000.0
"2 BHK House for Rent in Bellandur, Outer Ring Road Bangalore",Bellandur,Bangalore,1200.0,2,2,0,Semi-Furnished,28.0,33000.0
"3 BHK Flat for Rent in Stage 1 Indiranagar, Bangalore",Indira nagar Stage 1,Bangalore,2030.0,3,3,0,Semi-Furnished,59.0,120000.0
"3 BHK Flat for Rent in Stage 2 RMV, Bangalore",RMV Extension Stage 2,Bangalore,1760.0,3,4,0,Semi-Furnished,105.0,190000.0
"3 BHK Flat for Rent in Vasanth Nagar, Bangalore",Vasanth Nagar,Bangalore,3489.0,3,3,2,Semi-Furnished,100.0,350000.0
"2 BHK Flat for Rent in Devanahalli, Bangalore",Devanahalli,Bangalore,1009.0,2,2,2,Unfurnished,26.0,26000.0
2 BHK House for Rent in Varthur Bangalore,Varthur,Bangalore,1450.0,2,2,0,Unfurnished,10.0,15000.0
"2 BHK Flat for Rent in Kempegowda International Airport Road, Bangalore",New International Airport Road,Bangalore,950.0,2,2,0,Semi-Furnished,19.0,18000.0
1 BHK House for Rent in Mavalli Bangalore,Mavalli,Bangalore,550.0,1,1,0,Semi-Furnished,25.0,14000.0
1 BHK House for Rent in Phase 1 Sivagiri Township Bangalore,Phase 1 Sivagiri Township,Bangalore,600.0,1,1,0,Semi-Furnished,20.0,12000.0
2 BHK House for Rent in Kothnur Bangalore,Kothnur,Bangalore,1100.0,2,2,0,Furnished,22.0,24000.0
4 BHK Villa for Rent in Thirumenahalli Bangalore,Thirumenahalli,Bangalore,2900.0,4,4,2,Furnished,17.0,49999.0
1 BHK House for Rent in Abbigere Bangalore,Abbigere,Bangalore,650.0,1,1,0,Unfurnished,12.0,7500.0
"2 BHK Flat for Rent in Naagarabhaavi, Bangalore",Nagarbhavi,Bangalore,750.0,2,1,0,Semi-Furnished,11.0,8000.0
"3 BHK Flat for Rent in Halanayakanahalli, Bangalore",Halanayakanahalli,Bangalore,2000.0,3,3,0,Unfurnished,35.0,70000.0
"3 BHK Flat for Rent in Kempegowda International Airport Road, Bangalore",New International Airport Road,Bangalore,1500.0,3,3,0,Semi-Furnished,33.0,50000.0
"2 BHK Flat for Rent in Hebbal, Bangalore",Hebbal,Bangalore,1150.0,2,2,2,Semi-Furnished,52.0,60000.0
6 BHK House for Rent in Palace Cross Road Bangalore,Palace Cross Road,Bangalore,4000.0,6,5,5,Semi-Furnished,38.0,150000.0
6 BHK House for Rent in Hsr Layout Bangalore,HSR Layout,Bangalore,2500.0,6,5,0,Furnished,12.0,30000.0
"2 BHK Flat for Rent in Kammanahalli, Bangalore",Kammanahalli,Bangalore,950.0,2,2,0,Semi-Furnished,55.0,52000.0
1 BHK House for Rent in Block 3rd Jayanagar East Bangalore,Block 3rd Jayanagar East,Bangalore,400.0,1,1,0,Unfurnished,26.0,10500.0
"3 BHK Flat for Rent in Benson Town, Bangalore",Benson Town,Bangalore,2200.0,3,3,2,Semi-Furnished,45.0,100000.0
2 BHK House for Rent in Neeladri Nagar Bangalore,Neeladri Nagar,Bangalore,550.0,2,2,0,Semi-Furnished,22.0,12000.0
"2 BHK Flat for Rent in Byrathi, Bangalore",Byrathi,Bangalore,950.0,2,2,0,Semi-Furnished,22.0,21000.0
"3 BHK Flat for Rent in Kanakapura Road, Bangalore",Kanakapura Road,Bangalore,1125.0,3,2,0,Unfurnished,31.0,35000.0
"3 BHK Flat for Rent in Basaveshwar Nagar, Bangalore",Basaveshwar Nagar,Bangalore,1405.0,3,2,0,Furnished,25.0,35000.0
"2 BHK Flat for Rent in K Channasandra, Bangalore",K Channasandra,Bangalore,750.0,2,2,0,Semi-Furnished,24.0,18000.0
3 BHK Villa for Rent in Bannerghatta Main Road Bangalore,Bannerghatta Road,Bangalore,2254.0,3,3,0,Semi-Furnished,33.0,75000.0
"2 BHK House for Rent in Srigandha Nagar, Hegganahalli Bangalore",Srigandha Nagar,Bangalore,750.0,2,2,0,Semi-Furnished,20.0,15000.0
"3 BHK Flat for Rent in Hsr Layout, Bangalore",HSR Layout,Bangalore,1800.0,3,2,3,Semi-Furnished,44.0,80000.0
4 BHK House for Rent in Bhuvaneswari Nagar Hebbal Kempapura Bangalore,Bhuvaneshwari Nagar,Bangalore,2400.0,4,4,3,Furnished,42.0,100000.0
2 BHK Villa for Rent in RR Nagar Bangalore,Rajarajeshwari Nagar,Bangalore,1200.0,2,2,0,Semi-Furnished,17.0,20000.0
"2 BHK Flat for Rent in Sarjapur Road, Bangalore",Sarjapur Road,Bangalore,930.0,2,2,0,Semi-Furnished,44.0,41000.0
3 BHK House for Rent in Yelahanka Bangalore,Yelahanka,Bangalore,2860.0,3,4,2,Furnished,31.0,90000.0
"4 BHK Flat for Rent in Rachenahalli, Thanisandra, Bangalore",Rachenahalli,Bangalore,2502.0,4,4,5,Semi-Furnished,26.0,65000.0
1 BHK House for Rent in Hsr Layout Bangalore,HSR Layout,Bangalore,700.0,1,1,0,Semi-Furnished,21.0,15000.0
1 BHK House for Rent in Banashankari Bangalore,Banashankari,Bangalore,200.0,1,1,0,Semi-Furnished,28.0,5500.0
2 BHK House for Rent in Virupakshapura Bangalore,Virupakshapura,Bangalore,800.0,2,2,0,Semi-Furnished,12.0,10000.0
"2 BHK Flat for Rent in Kempegowda International Airport Road, Bangalore",New International Airport Road,Bangalore,1311.0,2,2,2,Furnished,37.0,48000.0
"2 BHK Flat for Rent in Mahatma Gandhi Road, Bangalore",Mahatma Gandhi Road,Bangalore,1000.0,2,2,0,Semi-Furnished,60.0,60000.0
4 BHK Villa for Rent in Valepura Bangalore,Valepura,Bangalore,2200.0,4,4,3,Unfurnished,24.0,53000.0
"3 BHK Flat for Rent in Doddaballapur Main Road, Bangalore",Doddaballapur Main Road,Bangalore,1262.0,3,3,0,Furnished,40.0,50000.0
"3 BHK Flat for Rent in 1st Block Rajajinagar, Bangalore",Rajaji Nagar Block 1,Bangalore,1955.0,3,3,3,Semi-Furnished,159.0,310000.0
4 BHK Villa for Rent in Whitefield Bangalore,Whitefield,Bangalore,4000.0,4,4,3,Furnished,38.0,150000.0
"3 BHK Flat for Rent in Phase 1 Electronics City, Bangalore",Electronics City Phase 1,Bangalore,1050.0,3,3,0,Semi-Furnished,36.0,38000.0
"3 BHK Flat for Rent in Mallasandra Village, T Dasarahalli, Bangalore",Mallasandra Village,Bangalore,1321.0,3,2,0,Furnished,38.0,50000.0
"2 BHK Flat for Rent in Pai Layout Mahadevapura, Bangalore",Pai Layout Mahadevapura,Bangalore,1080.0,2,2,0,Unfurnished,21.0,23000.0
"2 BHK Flat for Rent in Devanahalli, Bangalore",Devanahalli,Bangalore,952.0,2,2,0,Semi-Furnished,26.0,25000.0
2 BHK House for Rent in Halasuru Bangalore,Halasuru,Bangalore,600.0,2,2,0,Unfurnished,22.0,13000.0
"3 BHK Flat for Rent in Kadugodi, Bangalore",Kadugodi,Bangalore,1760.0,3,3,0,Furnished,34.0,60000.0
"2 BHK Flat for Rent in Phase 1 Electronics City, Bangalore",Electronics City Phase 1,Bangalore,800.0,2,2,0,Semi-Furnished,40.0,32000.0
"2 BHK Flat for Rent in Thirumenahalli, Bangalore",Thirumenahalli,Bangalore,800.0,2,2,0,Semi-Furnished,30.0,24000.0
2 BHK House for Rent in Sunkadakatte Bangalore,Sunkadakatte,Bangalore,750.0,2,2,0,Semi-Furnished,23.0,17000.0
"2 BHK Flat for Rent in Jakkur, Bangalore",Jakkur,Bangalore,840.0,2,2,0,Furnished,49.0,41000.0
1 BHK House for Rent in Kaval Bairasandra Bangalore,Kaval Byrasandra,Bangalore,550.0,1,2,0,Semi-Furnished,22.0,12000.0
2 BHK House for Rent in Phase 7 JP Nagar Bangalore,Phase 7 JP Nagar,Bangalore,1000.0,2,2,0,Furnished,25.0,25000.0
1 BHK House for Rent in Chamrajpet Bangalore,Chamrajpet,Bangalore,150.0,1,1,0,Unfurnished,30.0,4500.0
"3 BHK Flat for Rent in Doddaballapur Main Road, Bangalore",Doddaballapur Main Road,Bangalore,1250.0,3,3,0,Semi-Furnished,34.0,42000.0
1 BHK House for Rent in Banaswadi Bangalore,Banaswadi,Bangalore,850.0,1,1,0,Semi-Furnished,11.0,9500.0
"2 BHK Flat for Rent in Naganathapura Rayasandra, Bangalore",Naganathapura,Bangalore,1250.0,2,2,2,Semi-Furnished,26.0,33000.0
"3 BHK Flat for Rent in Devanahalli, Bangalore",Devanahalli,Bangalore,1150.0,3,2,0,Furnished,26.0,30000.0
5 BHK House for Rent in Sanjayanagara Bangalore,Sanjayanagara,Bangalore,7000.0,5,5,0,Semi-Furnished,71.0,500000.0
2 BHK House for Rent in Kithaganur Main Road Bangalore,Kithaganur Main Road,Bangalore,1000.0,2,2,0,Furnished,14.0,14000.0
"1 BHK Flat for Rent in Electronic City, Bangalore",Electronic City,Bangalore,550.0,1,1,0,Semi-Furnished,16.0,9000.0
"2 BHK Flat for Rent in Sector 2 HSR Layout, Bangalore",Sector 2 HSR Layout,Bangalore,900.0,2,2,0,Semi-Furnished,50.0,45000.0
"5 BHK Flat for Rent in Bellandur, Outer Ring Road, Bangalore",Bellandur,Bangalore,4800.0,5,6,7,Semi-Furnished,47.0,230000.0
"2 BHK Flat for Rent in Kogilu Main Road, Bangalore",Kogilu Main Road,Bangalore,1022.0,2,2,2,Semi-Furnished,32.0,33000.0
"2 BHK Flat for Rent in Krishnarajapura, Bangalore",KR Puram,Bangalore,1240.0,2,2,2,Semi-Furnished,27.0,33000.0
"3 BHK Flat for Rent in Banashankari, Bangalore",Banashankari,Bangalore,2400.0,3,3,0,Unfurnished,19.0,45000.0
1 BHK House for Rent in Bettadasanapura Bangalore,Bettadasanapura,Bangalore,350.0,1,1,0,Unfurnished,9.0,3000.0
2 BHK House for Rent in Babusabpalya Bangalore,Babusahib Palya,Bangalore,800.0,2,1,0,Unfurnished,14.0,11000.0
3 BHK Villa for Rent in Narayanaghatta Bangalore,Narayanaghatta,Bangalore,1885.0,3,3,2,Semi-Furnished,29.0,55000.0
"3 BHK Flat for Rent in Devarachikkana Halli, Bangalore",Devarachikkana Halli,Bangalore,1740.0,3,3,0,Semi-Furnished,23.0,40000.0
3 BHK House for Rent in Thambu Chetty Palya Bangalore,Thambu Chetty Palya,Bangalore,2000.0,3,3,3,Semi-Furnished,16.0,33000.0
1 BHK House for Rent in Hennur Gardens Bangalore,Hennur,Bangalore,800.0,1,1,0,Semi-Furnished,23.0,18000.0
"2 BHK Flat for Rent in Yelahanka New Town, Bangalore",Yelahanka New Town,Bangalore,1234.0,2,2,2,Semi-Furnished,18.0,22000.0
"4 BHK Flat for Rent in Block 2nd JayaNagar East, Bangalore",Block 2nd JayaNagar East,Bangalore,2600.0,4,3,0,Semi-Furnished,21.0,55000.0
"3 BHK Flat for Rent in Hebbal, Bangalore",Hebbal,Bangalore,3000.0,3,4,2,Unfurnished,73.0,220000.00000000003
4 BHK Villa for Rent in Whitefield Bangalore,Whitefield,Bangalore,4390.0,4,4,3,Semi-Furnished,34.0,150000.0
2 BHK House for Rent in Phase 1st MCECHS Layout Bangalore,Phase 1st MCECHS Layout,Bangalore,1200.0,2,2,2,Semi-Furnished,23.0,28000.0
"2 BHK Flat for Rent in Hosa Road, off Hosur Road, Bangalore",Hosa Road,Bangalore,1221.0,2,2,2,Furnished,29.0,35000.0
1 BHK House for Rent in Andrahalli Bangalore,Andrahalli,Bangalore,500.0,1,1,0,Unfurnished,11.0,5500.0
"3 BHK Flat for Rent in Hadosiddapura, Chikkakannalli, Bangalore",Hadosiddapura,Bangalore,1780.0,3,3,2,Unfurnished,35.0,63000.0
"1 BHK Flat for Rent in Ramamurthy Nagar, Bangalore",Ramamurthy Nagar,Bangalore,220.0,1,1,0,Semi-Furnished,27.0,6000.0
"2 BHK Flat for Rent in Malleshpalya Main Road, Bangalore",Malleshpalya Main Road,Bangalore,1180.0,2,2,2,Semi-Furnished,29.0,34000.0
"3 BHK Flat for Rent in Whitefield, Bangalore",Whitefield,Bangalore,2134.0,3,3,0,Semi-Furnished,33.0,70000.0
"2 BHK House for Rent in Chennammana Kere, Banashankari Stage 3 Bangalore",Chennammana Kere,Bangalore,2400.0,2,2,0,Semi-Furnished,10.0,25000.0
"2 BHK Flat for Rent in Horamavu, Bangalore",Horamavu,Bangalore,950.0,2,2,2,Semi-Furnished,27.0,26000.0
"3 BHK Flat for Rent in Meenakshi Layout Choodasandra, Bangalore",Meenakshi Layout Choodasandra,Bangalore,1300.0,3,2,2,Unfurnished,35.0,45800.0
"2 BHK Flat for Rent in Whitefield, Bangalore",Whitefield,Bangalore,1450.0,2,2,2,Furnished,29.0,42000.0
"2 BHK Flat for Rent in Whitefield, Bangalore",Whitefield,Bangalore,950.0,2,2,0,Furnished,53.0,50000.0
"3 BHK Flat for Rent in Basavanna Nagar, Whitefield, Bangalore",Basavanna Nagar,Bangalore,2700.0,3,4,2,Semi-Furnished,41.0,110000.0
"2 BHK Flat for Rent in Bellandur, Outer Ring Road, Bangalore",Bellandur,Bangalore,945.0,2,2,2,Semi-Furnished,47.0,44000.0
"3 BHK Flat for Rent in Cambridge Layout, Jogupalya, Bangalore",Cambridge Layout,Bangalore,2000.0,3,3,2,Unfurnished,63.0,130000.0
2 BHK House for Rent in Yelahanka Bangalore,Yelahanka,Bangalore,600.0,2,2,0,Semi-Furnished,17.0,10000.0
"2 BHK Flat for Rent in Doddakannelli, Bangalore",Doddakannelli,Bangalore,1100.0,2,2,0,Semi-Furnished,32.0,35000.0
"4 BHK Flat for Rent in Hebbal, Bangalore",Hebbal,Bangalore,3895.0,4,4,3,Semi-Furnished,56.0,220000.00000000003
"4 BHK Flat for Rent in Whitefield, Bangalore",Whitefield,Bangalore,1200.0,4,4,0,Furnished,83.0,100000.0
"2 BHK House for Rent in Bcc Layout, Deepanjali Nagar Bangalore",BCC Layout,Bangalore,600.0,2,2,0,Unfurnished,33.0,20000.0
2 BHK House for Rent in Krishnarajapura Bangalore,KR Puram,Bangalore,1000.0,2,1,0,Semi-Furnished,16.0,16000.0
2 BHK House for Rent in Block 4th Jayanagar Bangalore,Block 4th Jayanagar,Bangalore,1100.0,2,3,0,Semi-Furnished,41.0,45000.0
4 BHK Villa for Rent in Marathahalli Bangalore,Marathahalli,Bangalore,2800.0,4,4,2,Semi-Furnished,43.0,120000.0
2 BHK House for Rent in Thambu Chetty Palya Bangalore,Thambu Chetty Palya,Bangalore,1100.0,2,2,0,Semi-Furnished,16.0,18000.0
"2 BHK Flat for Rent in Btm Layout, Bangalore",BTM Layout,Bangalore,1000.0,2,2,0,Semi-Furnished,25.0,25000.0
"2 BHK House for Rent in Kaggadasapura, Indira nagar Bangalore",Kaggadasapura,Bangalore,1000.0,2,2,0,Semi-Furnished,16.0,16000.0
4 BHK Villa for Rent in Budigere Bangalore,Budigere,Bangalore,1632.0,4,3,0,Semi-Furnished,28.0,45000.0
1 BHK House for Rent in Mahadevapura Layout Bangalore,Mahadevapura Layout,Bangalore,600.0,1,1,2,Semi-Furnished,28.0,16500.0
"3 BHK Flat for Rent in Richmond Town, Richmond Town, Bangalore",Richmond Town,Bangalore,1900.0,3,3,3,Semi-Furnished,63.0,120000.0
"1 BHK Flat for Rent in Whitefield, Bangalore",Whitefield,Bangalore,285.0,1,1,0,Unfurnished,88.0,25000.0
"1 BHK Flat for Rent in Munireddy Layout Konanakunte, Bangalore",Munireddy Layout,Bangalore,700.0,1,1,0,Unfurnished,13.0,9000.0
"3 BHK Flat for Rent in Kanakapura Road, Bangalore",Kanakapura Road,Bangalore,1450.0,3,3,0,Furnished,31.0,45000.0
"1 BHK Flat for Rent in Bommasandra, Bangalore",Bommasandra,Bangalore,500.0,1,1,0,Semi-Furnished,13.0,6500.0
3 BHK Villa for Rent in Bannerughatta Bangalore,Bannerghatta,Bangalore,1800.0,3,3,2,Semi-Furnished,40.0,72000.0
"1 BHK Flat for Rent in Block 6th Koramangala, Bangalore",Block 6th Koramangala,Bangalore,500.0,1,1,0,Semi-Furnished,42.0,21000.0
"1 BHK Flat for Rent in Nagegowdanapalya, Bangalore",Nagegowdanapalya,Bangalore,390.0,1,1,0,Furnished,64.0,25000.0
2 BHK House for Rent in Krishnarajapura Bangalore,KR Puram,Bangalore,900.0,2,2,0,Unfurnished,24.0,22000.0
"3 BHK Flat for Rent in Doddakallasandra, Konanakunte, Bangalore",Doddakallasandra,Bangalore,1280.0,3,3,0,Semi-Furnished,34.0,43800.0
1 BHK House for Rent in Hulimavu Bangalore,Hulimavu,Bangalore,600.0,1,1,0,Semi-Furnished,13.0,8000.0
"3 BHK Flat for Rent in Koramangala 80 Feet Road, Bangalore",Koramangala 80 Feet Road,Bangalore,2400.0,3,4,3,Semi-Furnished,52.0,130000.0
4 BHK House for Rent in Devanahalli Bangalore,Devanahalli,Bangalore,4500.0,4,5,2,Semi-Furnished,33.0,150000.0
"3 BHK Flat for Rent in Hosur Road, Bangalore",Hosur Road,Bangalore,1735.0,3,3,3,Semi-Furnished,46.0,80000.0
2 BHK House for Rent in Munnekollal Bangalore,Munnekollal,Bangalore,1150.0,2,2,2,Unfurnished,30.0,34000.0
"3 BHK Flat for Rent in Munnekollal, Bangalore",Munnekollal,Bangalore,2000.0,3,2,0,Unfurnished,20.0,40000.0
"3 BHK Flat for Rent in Aavalahalli, Bangalore",Avalahalli,Bangalore,3600.0,3,4,0,Semi-Furnished,19.0,70000.0
1 BHK House for Rent in Hbr Layout Bangalore,HBR Layout,Bangalore,300.0,1,1,0,Unfurnished,28.0,8500.0
3 BHK House for Rent in Ambalipura Sarjapur Road Bangalore,Ambalipura Sarjapur Road,Bangalore,2200.0,3,3,2,Furnished,35.0,78000.0
3 BHK House for Rent in Nisarga Nandana Layout Bangalore,Nisarga Nandana Layout,Bangalore,1560.0,3,3,0,Semi-Furnished,14.0,22000.0
2 BHK House for Rent in Papareddipalya Bangalore,Papareddipalya,Bangalore,650.0,2,1,0,Unfurnished,17.0,11000.0
"2 BHK Flat for Rent in Hosur Road, Bangalore",Hosur Road,Bangalore,1198.0,2,2,0,Semi-Furnished,43.0,52000.0
"3 BHK Flat for Rent in Kogilu, Bangalore",Kogilu,Bangalore,1500.0,3,3,2,Semi-Furnished,37.0,55000.0
1 BHK House for Rent in Shanthala Nagar Ashok Nagar Bangalore,Shanthala Nagar,Bangalore,850.0,1,1,0,Furnished,38.0,32000.0
"2 BHK Flat for Rent in Phase 7 JP Nagar, Bangalore",Phase 7 JP Nagar,Bangalore,2000.0,2,2,0,Semi-Furnished,14.0,28000.0
"3 BHK Flat for Rent in Bannerghatta Main Road, Bangalore",Bannerghatta Road,Bangalore,2300.0,3,4,4,Semi-Furnished,15.0,35000.0
"1 BHK Flat for Rent in Whitefield, Bangalore",Whitefield,Bangalore,500.0,1,1,0,Semi-Furnished,20.0,10000.0
1 BHK House for Rent in Stage 2nd Banashankari Bangalore,Banashankari Stage 2,Bangalore,520.0,1,2,0,Unfurnished,10.0,5000.0
"3 BHK Flat for Rent in Marathahalli, Bangalore",Marathahalli,Bangalore,750.0,3,3,2,Unfurnished,97.0,73000.0
"2 BHK Flat for Rent in Block 1st HRBR Layout, Bangalore",HRBR Layout Block 1,Bangalore,1150.0,2,2,0,Semi-Furnished,28.0,32000.0
3 BHK House for Rent in J P Nagar Bangalore,JP Nagar,Bangalore,3000.0,3,4,0,Semi-Furnished,37.0,110000.0
4 BHK Villa for Rent in Whitefield Bangalore,Whitefield,Bangalore,2800.0,4,4,4,Semi-Furnished,29.0,80000.0
"1 BHK House for Rent in Kammagondahalli, Jalahalli Bangalore",Kammagondahalli,Bangalore,400.0,1,1,0,Unfurnished,11.0,4500.0
"1 BHK Flat for Rent in Begur, Bangalore",Begur,Bangalore,470.0,1,1,2,Semi-Furnished,64.0,30000.0
5 BHK House for Rent in Kannuru Bangalore,Kannuru,Bangalore,3300.0,5,7,2,Semi-Furnished,30.0,100000.0
3 BHK House for Rent in Kaval Bairasandra Bangalore,Kaval Byrasandra,Bangalore,1280.0,3,3,0,Semi-Furnished,18.0,23000.0
"3 BHK Flat for Rent in Phase 2 Electronic City, Bangalore",Electronic City Phase 2,Bangalore,1650.0,3,3,2,Furnished,33.0,55000.0
"4 BHK Flat for Rent in Koramangala, Bangalore",Koramangala,Bangalore,1800.0,4,5,0,Semi-Furnished,83.0,150000.0
5 BHK House for Rent in Hulimavu Bangalore,Hulimavu,Bangalore,3832.0,5,5,0,Semi-Furnished,29.0,110000.0
2 BHK House for Rent in Bagaluru Bangalore,Bagaluru,Bangalore,1100.0,2,2,0,Semi-Furnished,15.0,17000.0
"3 BHK Flat for Rent in Yeswanthpur, Bangalore",Yeswanthpur,Bangalore,1480.0,3,3,2,Semi-Furnished,47.0,70000.0
"3 BHK Flat for Rent in Block 5th Koramangala, Bangalore",Block 5th Koramangala,Bangalore,1620.0,3,3,2,Semi-Furnished,31.0,50000.0
"2 BHK Flat for Rent in Hulimavu, Bangalore",Hulimavu,Bangalore,770.0,2,2,0,Semi-Furnished,39.0,30000.0
1 BHK House for Rent in Ayyappa Nagar Krishnarajapura Bangalore,Ayappa Nagar KR Puram,Bangalore,700.0,1,1,0,Unfurnished,19.0,13500.0
"4 BHK Flat for Rent in Viveka Nagar, Bangalore",Viveka Nagar,Bangalore,2500.0,4,4,4,Unfurnished,24.0,60000.0
"4 BHK Flat for Rent in HAL Old Airport Road, Bangalore",HAL Old Airport Road,Bangalore,3470.0,4,4,4,Semi-Furnished,58.0,200000.0
"2 BHK Flat for Rent in Doddathoguru, Electronic City, Bangalore",Doddathoguru,Bangalore,912.0,2,2,0,Semi-Furnished,22.0,20000.0
"2 BHK Flat for Rent in BDA Layout HSR Layout, Bangalore",BDA layout-HSR Layout,Bangalore,1200.0,2,2,2,Semi-Furnished,29.0,35000.0
"3 BHK Flat for Rent in T Dasarahalli, Bangalore",T Dasarahalli,Bangalore,1173.0,3,2,0,Semi-Furnished,36.0,42000.0
2 BHK House for Rent in Margondanahalli Bangalore,Margondanahalli,Bangalore,600.0,2,1,0,Semi-Furnished,11.0,6500.0
2 BHK House for Rent in Krishnarajapura Bangalore,KR Puram,Bangalore,700.0,2,2,0,Semi-Furnished,29.0,20500.0
3 BHK Villa for Rent in Whitefield Bangalore,Whitefield,Bangalore,2200.0,3,3,0,Semi-Furnished,41.0,90000.0
"3 BHK Flat for Rent in Sathanur, Bangalore",Sathanur,Bangalore,1431.0,3,3,0,Furnished,34.0,48000.0
"3 BHK Flat for Rent in 1st Block Rajajinagar, Bangalore",Rajaji Nagar Block 1,Bangalore,1700.0,3,3,3,Semi-Furnished,42.0,72000.0
2 BHK House for Rent in Yelahanka New Town Bangalore,Yelahanka New Town,Bangalore,900.0,2,2,0,Semi-Furnished,26.0,23000.0
"1 BHK Flat for Rent in Tumkur Road, Bangalore",Tumkur Road,Bangalore,422.0,1,1,0,Furnished,59.0,25000.0
"3 BHK Flat for Rent in Hrbr Layout, Kalyan Nagar, Outer Ring Road, Bangalore",HRBR Layout,Bangalore,2350.0,3,2,0,Semi-Furnished,34.0,79000.0
"4 BHK Flat for Rent in Bengaluru Main Road, Bangalore",Bengaluru Main Road,Bangalore,2400.0,4,3,0,Semi-Furnished,17.0,40000.0
"2 BHK Flat for Rent in Panathur, Bangalore",Panathur,Bangalore,730.0,2,2,0,Unfurnished,55.0,40000.0
"1 BHK Flat for Rent in Rustam Bagh Layout, Bangalore",Rustam Bagh Layout,Bangalore,500.0,1,1,0,Furnished,50.0,25000.0
"2 BHK House for Rent in Domlur, Domlur Bangalore",Domlur,Bangalore,1200.0,2,2,0,Unfurnished,15.0,18000.0
"2 BHK Flat for Rent in Chikkanna Layout, Bangalore",Chikkanna Layout,Bangalore,1359.0,2,2,2,Semi-Furnished,35.0,47000.0
2 BHK Villa for Rent in Vasanth Vihar AWHO Bangalore,Vasanth Vihar AWHO,Bangalore,1300.0,2,2,0,Semi-Furnished,23.0,30000.0
"2 BHK Flat for Rent in Chikkabanavara, Bangalore",Chikkabanavara,Bangalore,970.0,2,2,0,Unfurnished,26.0,25000.0
"2 BHK Flat for Rent in Kodigenahalli, Bangalore",Kodigenahalli,Bangalore,1000.0,2,2,0,Semi-Furnished,20.0,20000.0
"3 BHK Flat for Rent in Hulimavu, Bangalore",Hulimavu,Bangalore,1450.0,3,2,0,Unfurnished,17.0,25000.0
"1 BHK Flat for Rent in Koramangala, Bangalore",Koramangala,Bangalore,1200.0,1,1,0,Semi-Furnished,15.0,18000.0
"3 BHK Flat for Rent in Domlur, Domlur, Bangalore",Domlur,Bangalore,1800.0,3,3,2,Furnished,36.0,65000.0
4 BHK House for Rent in Bhyraveshwara Nagar Govindaraja Nagar Ward Bangalore,Bhyraveshwara Nagar,Bangalore,950.0,4,4,0,Unfurnished,37.0,35000.0
"4 BHK Flat for Rent in Nagasandra Main Road, Bangalore",Nagasandra Main Road,Bangalore,2150.0,4,4,2,Semi-Furnished,33.0,71000.0
"1 BHK House for Rent in Kamakshipalya, Outer Ring Road Bangalore",Kamakshipalya,Bangalore,600.0,1,1,0,Semi-Furnished,8.0,5000.0
"2 BHK Flat for Rent in Nallurhalli, Whitefield, Borewell Road, Bangalore",Nallurhalli,Bangalore,1260.0,2,2,0,Semi-Furnished,28.0,35000.0
"4 BHK Flat for Rent in Sarjapur Road, Bangalore",Sarjapur Road,Bangalore,1562.0,4,4,2,Semi-Furnished,65.0,100000.0
"3 BHK Flat for Rent in Yeswanthpur, Bangalore",Yeswanthpur,Bangalore,1800.0,3,3,0,Unfurnished,27.0,48000.0
2 BHK House for Rent in Nagdevanahalli Bangalore,Nagdevanahalli,Bangalore,850.0,2,2,0,Unfurnished,18.0,15000.0
"3 BHK Flat for Rent in Huvinayakanahalli, Bangalore",Huvinayakanahalli,Bangalore,1043.0,3,2,0,Semi-Furnished,24.0,25000.0
1 BHK House for Rent in Kadubeesanahalli Bangalore,Kadubeesanahalli,Bangalore,550.0,1,1,0,Furnished,40.0,22000.0
4 BHK Villa for Rent in Marathahalli Bangalore,Marathahalli,Bangalore,4124.0,4,4,0,Semi-Furnished,42.0,180000.0
3 BHK Villa for Rent in V Kallahalli Bangalore,V Kallahalli,Bangalore,1662.0,3,3,0,Furnished,27.0,45000.0
"4 BHK Flat for Rent in Stage 2 RMV, Bangalore",RMV Extension Stage 2,Bangalore,2000.0,4,3,0,Furnished,38.0,75000.0
"3 BHK Flat for Rent in Koramangala, Bangalore",Koramangala,Bangalore,1100.0,3,3,0,Furnished,182.0,200000.0
"3 BHK Flat for Rent in Outer Ring Road, Bangalore",Ring Road,Bangalore,1500.0,3,3,2,Unfurnished,40.0,60000.0
"2 BHK Flat for Rent in Bannerghatta Main Road, Bangalore",Bannerghatta Road,Bangalore,965.0,2,2,2,Semi-Furnished,33.0,32000.0
4 BHK Villa for Rent in Hennur Main Road Bangalore,Hennur Main Road,Bangalore,2900.0,4,5,3,Semi-Furnished,45.0,130000.0
"2 BHK House for Rent in Hosa Road, off Hosur Road Bangalore",Hosa Road,Bangalore,900.0,2,2,0,Semi-Furnished,18.0,16500.0
1 BHK House for Rent in Aditya Nagar JP Nagar Bangalore,Aditya nagar,Bangalore,2100.0,1,3,3,Semi-Furnished,17.0,35000.0
5 BHK House for Rent in Vijaya Bank Layout Bommanahalli Bangalore,Vijaya Bank Layout Bommanahalli,Bangalore,4500.0,5,4,4,Semi-Furnished,18.0,80000.0
"2 BHK Flat for Rent in Varthur, Bangalore",Varthur,Bangalore,1109.0,2,2,2,Semi-Furnished,32.0,36000.0
"3 BHK Flat for Rent in Doddakallasandra, Konanakunte, Bangalore",Doddakallasandra,Bangalore,1750.0,3,3,2,Semi-Furnished,31.0,55000.0
2 BHK House for Rent in Konanakunte Bangalore,Konanakunte,Bangalore,1200.0,2,2,0,Semi-Furnished,21.0,25000.0
1 BHK House for Rent in Phase 1 Electronics City Bangalore,Electronics City Phase 1,Bangalore,450.0,1,1,0,Semi-Furnished,36.0,16000.0
1 BHK House for Rent in Gunjur Bangalore,Gunjur,Bangalore,500.0,1,1,0,Unfurnished,22.0,11000.0
"3 BHK Flat for Rent in Sector 6 HSR Layout, Bangalore",Sector 6 HSR Layout,Bangalore,1300.0,3,3,2,Semi-Furnished,46.0,60000.0
"4 BHK Flat for Rent in Nagavara, Bangalore",Nagavara,Bangalore,2600.0,4,4,0,Semi-Furnished,23.0,60000.0
"3 BHK Flat for Rent in Mahalakshmipuram Layout, Mahalakshmipuram, Bangalore",Mahalakshmipuram Layout,Bangalore,1550.0,3,3,3,Semi-Furnished,35.0,55000.0
5 BHK House for Rent in J P Nagar Bangalore,JP Nagar,Bangalore,2400.0,5,4,0,Semi-Furnished,83.0,200000.0
1 BHK House for Rent in Arekere Bangalore,Arekere,Bangalore,600.0,1,1,0,Furnished,15.0,9000.0
"3 BHK Flat for Rent in Gottigere, Bangalore",Gottigere,Bangalore,1348.0,3,2,2,Unfurnished,38.0,51000.0
"3 BHK Flat for Rent in Kannamangala, Bangalore",Kannamangala,Bangalore,2229.0,3,3,3,Furnished,31.0,70000.0
3 BHK House for Rent in Sahakar Nagar Bangalore,Sahakara Nagar,Bangalore,2500.0,3,3,0,Semi-Furnished,30.0,75000.0
"3 BHK Flat for Rent in Mahadevapura, Bangalore",Mahadevapura,Bangalore,1602.0,3,2,2,Semi-Furnished,41.0,65000.0
"2 BHK Flat for Rent in Devanahalli, Bangalore",Devanahalli,Bangalore,950.0,2,2,0,Unfurnished,24.0,23000.0
"2 BHK Flat for Rent in Uttarahalli Hobli, Bangalore",Uttarahalli,Bangalore,800.0,2,2,0,Semi-Furnished,20.0,16000.0
"1 BHK Flat for Rent in Electronic City, Bangalore",Electronic City,Bangalore,605.0,1,1,2,Semi-Furnished,21.0,13000.0
"2 BHK Flat for Rent in Judicial Layout, Yelahanka, Bangalore",Judicial Layout,Bangalore,1200.0,2,2,2,Furnished,38.0,45000.0
"3 BHK Flat for Rent in Hebbal, Bangalore",Hebbal,Bangalore,1950.0,3,3,2,Semi-Furnished,36.0,70000.0
"1 BHK Flat for Rent in Sector 3 HSR Layout, Bangalore",Sector 3 HSR Layout,Bangalore,650.0,1,1,3,Semi-Furnished,55.0,36000.0
4 BHK House for Rent in Byrathi Bangalore,Byrathi,Bangalore,1700.0,4,3,0,Unfurnished,13.0,22000.0
"3 BHK Flat for Rent in Hebbal, Bangalore",Hebbal,Bangalore,1980.0,3,4,0,Semi-Furnished,38.0,75000.0
"1 BHK Flat for Rent in Hosur Road, Bangalore",Hosur Road,Bangalore,500.0,1,1,0,Semi-Furnished,32.0,16000.0
"3 BHK Flat for Rent in Suryanagar, Bangalore",Suryanagar,Bangalore,1500.0,3,2,3,Semi-Furnished,14.0,21500.0
1 BHK House for Rent in Anchepalya Bangalore,Anchepalya,Bangalore,400.0,1,1,0,Unfurnished,11.0,4500.0
"3 BHK Flat for Rent in Bagaluru, Bangalore",Bagaluru,Bangalore,1277.0,3,2,2,Semi-Furnished,26.0,33000.0
1 BHK House for Rent in Bommanahalli Bangalore,Bommanahalli,Bangalore,400.0,1,1,0,Unfurnished,19.0,7500.0
"2 BHK Flat for Rent in CV Raman Nagar, Bangalore",C V Raman Nagar,Bangalore,1250.0,2,2,0,Semi-Furnished,32.0,40000.0
1 BHK House for Rent in Mahadevapura Bangalore,Mahadevapura,Bangalore,500.0,1,1,0,Semi-Furnished,37.0,18500.0
"1 BHK House for Rent in Kumaraswamy Layout, Kumaraswamy Layout Bangalore",Kumaraswamy Layout,Bangalore,600.0,1,1,0,Semi-Furnished,20.0,12000.0
"4 BHK Flat for Rent in Brigade Metropolis, Mahadevapura, Bangalore",Brigade Metropolis,Bangalore,2300.0,4,4,3,Semi-Furnished,57.0,130000.0
"3 BHK Flat for Rent in Byrathi, Bangalore",Byrathi,Bangalore,11800.0,3,2,2,Semi-Furnished,4.0,44000.0
2 BHK House for Rent in Nelamangala Town Bangalore,NelaMangala,Bangalore,600.0,2,1,0,Unfurnished,12.0,7000.0
"3 BHK Flat for Rent in Stage 2 RMV, Bangalore",RMV Extension Stage 2,Bangalore,1350.0,3,3,3,Semi-Furnished,37.0,50000.0
"3 BHK Flat for Rent in Singasandra, Hosur Road, Bangalore",Singasandra,Bangalore,1600.0,3,3,4,Furnished,28.0,45000.0
"3 BHK Flat for Rent in Whitefield, Bangalore",Whitefield,Bangalore,1600.0,3,3,2,Unfurnished,53.0,85000.0
3 BHK House for Rent in Sarjapura Bangalore,Sarjapur,Bangalore,1750.0,3,3,0,Semi-Furnished,18.0,32000.0
"3 BHK Flat for Rent in Hadosiddapura, Chikkakannalli, Bangalore",Hadosiddapura,Bangalore,1507.0,3,3,0,Semi-Furnished,42.0,64000.0
3 BHK Villa for Rent in Whitefield Bangalore,Whitefield,Bangalore,2000.0,3,3,0,Semi-Furnished,38.0,75000.0
"2 BHK Flat for Rent in Tumkur Road, Bangalore",Tumkur Road,Bangalore,1239.0,2,2,0,Semi-Furnished,25.0,31000.0
"1 BHK Flat for Rent in Ganga Nagar Layout, Bangalore",Ganga Nagar Layout,Bangalore,1592.0,1,2,2,Furnished,163.0,260000.0
4 BHK Villa for Rent in IVC Road Bangalore,IVC Road,Bangalore,6250.0,4,7,4,Furnished,51.0,320000.0
"2 BHK Flat for Rent in Kempegowda International Airport Road, Bangalore",New International Airport Road,Bangalore,1143.0,2,2,0,Semi-Furnished,23.0,26000.0
"2 BHK Flat for Rent in Hoodi, Hoodi, Bangalore",Hoodi,Bangalore,979.0,2,2,0,Furnished,36.0,35000.0
"2 BHK Flat for Rent in Indiranagar, Bangalore",Indira Nagar,Bangalore,850.0,2,2,0,Furnished,53.0,45000.0
2 BHK House for Rent in Thanisandra Bangalore,Thanisandra,Bangalore,1000.0,2,2,0,Semi-Furnished,21.0,21000.0
"3 BHK Flat for Rent in Block 1st East Jayanagar, Bangalore",1st Block East,Bangalore,1100.0,3,2,0,Unfurnished,33.0,36000.0
4 BHK Villa for Rent in Sarjapura Attibele Road Bangalore,Sarjapura Attibele Road,Bangalore,3800.0,4,4,2,Unfurnished,17.0,63000.0
"2 BHK Flat for Rent in Thanisandra Main Road, Bangalore",Thanisandra Main Road,Bangalore,200.0,2,2,3,Semi-Furnished,190.0,38000.0
"3 BHK Villa for Rent in Judicial Layout, Yelahanka Bangalore",Judicial Layout,Bangalore,9000.0,3,3,4,Furnished,39.0,350000.0
5 BHK Villa for Rent in Kadubeesanahalli Bangalore,Kadubeesanahalli,Bangalore,3500.0,5,4,4,Unfurnished,51.0,180000.0
"2 BHK Flat for Rent in Whitefield, Bangalore",Whitefield,Bangalore,1100.0,2,2,0,Furnished,38.0,42000.0
"3 BHK Flat for Rent in Hosur Road, Bangalore",Hosur Road,Bangalore,1512.0,3,3,0,Unfurnished,42.0,64000.0
"2 BHK Flat for Rent in Jakkuru Main Road, Bangalore",Jakkuru Main Road,Bangalore,1057.0,2,2,0,Semi-Furnished,33.0,35000.0
1 BHK House for Rent in Vijayanagar Bangalore,Vijayanagar,Bangalore,250.0,1,1,0,Unfurnished,14.0,3500.0
"2 BHK House for Rent in Jakkasandra Extension, Koramangala Bangalore",Jakkasandra Extension,Bangalore,850.0,2,1,0,Semi-Furnished,18.0,15000.0
2 BHK House for Rent in Madhuranagara Bangalore,Madhuranagara,Bangalore,950.0,2,2,0,Semi-Furnished,20.0,19000.0
"3 BHK Flat for Rent in Sarjapur Road, Bangalore",Sarjapur Road,Bangalore,1850.0,3,3,0,Semi-Furnished,38.0,70000.0
2 BHK House for Rent in Pai Layout Mahadevapura Bangalore,Pai Layout Mahadevapura,Bangalore,1200.0,2,2,2,Unfurnished,42.0,50000.0
"5 BHK Flat for Rent in Marathahalli Village, Marathahalli, Bangalore",Marathahalli village,Bangalore,4800.0,5,6,5,Semi-Furnished,46.0,220000.00000000003
"3 BHK Flat for Rent in Gandhi Bazaar, Bangalore",Gandhi Bazar,Bangalore,1800.0,3,3,2,Unfurnished,35.0,63000.0
"3 BHK Flat for Rent in RK Hegde Nagar, Bangalore",Hegde Nagar,Bangalore,1600.0,3,3,0,Semi-Furnished,38.0,60000.0
1 BHK House for Rent in Whitefield Bangalore,Whitefield,Bangalore,650.0,1,1,0,Semi-Furnished,26.0,17000.0
"3 BHK Flat for Rent in Pulikeshi Nagar, Bangalore",Frazer Town,Bangalore,2920.0,3,3,3,Semi-Furnished,43.0,130000.0
1 BHK House for Rent in Adugodi Bangalore,Adugodi,Bangalore,550.0,1,1,0,Semi-Furnished,16.0,9000.0
1 BHK House for Rent in Michael Palaya Bangalore,Michael Palya,Bangalore,350.0,1,1,0,Semi-Furnished,24.0,8500.0
"3 BHK Flat for Rent in Hebbal, Bangalore",Hebbal,Bangalore,1600.0,3,3,2,Semi-Furnished,44.0,70000.0
5 BHK Villa for Rent in Sarjapur Road Bangalore,Sarjapur Road,Bangalore,2800.0,5,4,2,Furnished,30.0,85000.0
"2 BHK Flat for Rent in Varthur, Bangalore",Varthur,Bangalore,1200.0,2,2,0,Semi-Furnished,29.0,35000.0
3 BHK House for Rent in Haralur Main Road Bangalore,Haralur Main Road,Bangalore,2017.0,3,3,2,Semi-Furnished,35.0,70000.0
"3 BHK Flat for Rent in Rajajinagar, Bangalore",Rajaji Nagar,Bangalore,2275.0,3,3,3,Furnished,110.0,250000.0
2 BHK House for Rent in Brindavan Nagar Mathikere Bangalore,Brindavan Nagar Mathikere,Bangalore,1200.0,2,3,0,Semi-Furnished,25.0,30000.0
"3 BHK Flat for Rent in Kammanahalli, Bangalore",Kammanahalli,Bangalore,1850.0,3,3,2,Semi-Furnished,38.0,70000.0
2 BHK House for Rent in Phase 2 Electronic City Bangalore,Electronic City Phase 2,Bangalore,600.0,2,2,0,Semi-Furnished,14.0,8500.0
3 BHK House for Rent in Bank Colony Konanakunte Bangalore,Bank Colony Konanakunte,Bangalore,1250.0,3,3,2,Semi-Furnished,20.0,25000.0
"2 BHK Flat for Rent in Panathur, Bangalore",Panathur,Bangalore,915.0,2,2,0,Furnished,49.0,45000.0
1 BHK House for Rent in Byatarayanapura New Extension Bangalore,Byatarayanapura New Extension,Bangalore,750.0,1,1,0,Semi-Furnished,13.0,10000.0
4 BHK Villa for Rent in Electronic City Bangalore,Electronic City,Bangalore,4000.0,4,6,3,Semi-Furnished,22.0,90000.0
"3 BHK Flat for Rent in Hbr Layout, Bangalore",HBR Layout,Bangalore,1600.0,3,2,0,Furnished,31.0,50000.0
"2 BHK Flat for Rent in Electronic City, Bangalore",Electronic City,Bangalore,780.0,2,2,0,Semi-Furnished,38.0,30000.0
"3 BHK Flat for Rent in Block 1st JayaNagar, Bangalore",Block 1st JayaNagar,Bangalore,2000.0,3,4,0,Semi-Furnished,50.0,100000.0
2 BHK House for Rent in Uttarahalli Hobli Bangalore,Uttarahalli,Bangalore,800.0,2,2,0,Unfurnished,20.0,16000.0
"3 BHK Flat for Rent in Sarjapur Road, Bangalore",Sarjapur Road,Bangalore,1200.0,3,3,2,Semi-Furnished,50.0,60000.0
1 BHK House for Rent in Hoskote Road Bangalore,Hoskote Road,Bangalore,400.0,1,1,0,Unfurnished,18.0,7000.0
"2 BHK Flat for Rent in Jeevan Bima Nagar, Airport Road, Bangalore",Jeevan Bima Nagar,Bangalore,850.0,2,2,0,Semi-Furnished,41.0,35000.0
2 BHK House for Rent in Mysore Road Bangalore,Mysore Road,Bangalore,1200.0,2,2,0,Unfurnished,5.0,6000.0
"2 BHK Flat for Rent in Balagere, Bangalore",Balagere,Bangalore,900.0,2,2,0,Furnished,58.0,52000.0
1 BHK House for Rent in Bileshivale Bangalore,Bileshivale,Bangalore,750.0,1,1,0,Unfurnished,11.0,8500.0
"3 BHK Flat for Rent in Whitefield, Bangalore",Whitefield,Bangalore,1343.0,3,3,2,Semi-Furnished,54.0,72000.0
"1 BHK Flat for Rent in Whitefield, Bangalore",Whitefield,Bangalore,300.0,1,1,0,Furnished,50.0,15000.0
"2 BHK Flat for Rent in Pai Layout Hulimavu, Bangalore",Pai Layout Hulimavu,Bangalore,1100.0,2,2,0,Semi-Furnished,21.0,23000.0
"3 BHK Flat for Rent in Sarjapur Road, Bangalore",Sarjapur Road,Bangalore,1800.0,3,2,0,Semi-Furnished,39.0,70000.0
"2 BHK Flat for Rent in Tavarekere BTM Layout, Bangalore",Tavarekere BTM Layout,Bangalore,750.0,2,2,0,Semi-Furnished,21.0,16000.0
"2 BHK Flat for Rent in Mahadevapura, Bangalore",Mahadevapura,Bangalore,1070.0,2,2,0,Semi-Furnished,32.0,34000.0
"4 BHK Flat for Rent in Koramangala, Bangalore",Koramangala,Bangalore,3000.0,4,4,3,Semi-Furnished,62.0,190000.0
2 BHK House for Rent in Haralur Main Road Bangalore,Haralur Main Road,Bangalore,1050.0,2,2,0,Semi-Furnished,30.0,32000.0
3 BHK House for Rent in Block 4th Jayanagar Bangalore,Block 4th Jayanagar,Bangalore,1800.0,3,2,0,Unfurnished,22.0,40000.0
"2 BHK Villa for Rent in Lingarajapuram, Lingarajapuram, Hennur Main Road Bangalore",Lingarajapuram,Bangalore,900.0,2,1,0,Unfurnished,22.0,20000.0
3 BHK House for Rent in Basavanapura Bangalore,Basavanapura,Bangalore,1600.0,3,2,0,Semi-Furnished,13.0,21000.0
"2 BHK Flat for Rent in Gottigere, Bangalore",Gottigere,Bangalore,1030.0,2,2,2,Semi-Furnished,13.0,13500.0
2 BHK House for Rent in Ejipura Bangalore,Ejipura,Bangalore,1000.0,2,2,0,Semi-Furnished,22.0,22000.0
3 BHK Villa for Rent in Nagegowdanapalya Bangalore,Nagegowdanapalya,Bangalore,2200.0,3,3,0,Semi-Furnished,20.0,45000.0
"3 BHK Flat for Rent in Kudlu Gate, Bangalore",Kudlu Gate,Bangalore,1250.0,3,2,0,Semi-Furnished,44.0,55000.0
3 BHK Villa for Rent in Whitefield Bangalore,Whitefield,Bangalore,1650.0,3,3,0,Semi-Furnished,24.0,40000.0
"2 BHK Flat for Rent in Whitefield, Bangalore",Whitefield,Bangalore,1023.0,2,2,2,Furnished,44.0,45000.0
"3 BHK Flat for Rent in Kogilu, Bangalore",Kogilu,Bangalore,2000.0,3,4,0,Semi-Furnished,30.0,60000.0
2 BHK House for Rent in Kudlu Gate Bangalore,Kudlu Gate,Bangalore,900.0,2,2,0,Semi-Furnished,20.0,18000.0
"2 BHK Flat for Rent in Devanahalli, Bangalore",Devanahalli,Bangalore,986.0,2,2,0,Semi-Furnished,25.0,25000.0
"4 BHK Flat for Rent in Whitefield, Bangalore",Whitefield,Bangalore,3660.0,4,4,0,Semi-Furnished,36.0,130000.0
"3 BHK Flat for Rent in Yeswanthpur, Bangalore",Yeswanthpur,Bangalore,1500.0,3,3,2,Semi-Furnished,33.0,50000.0
2 BHK House for Rent in Bannerghatta Main Road Bangalore,Bannerghatta Road,Bangalore,800.0,2,2,0,Unfurnished,34.0,27000.0
"2 BHK Flat for Rent in Amrutahalli, Bangalore",Amrutahalli,Bangalore,1165.0,2,2,2,Semi-Furnished,26.0,30000.0
5 BHK House for Rent in Chunchanaguppe Bangalore,Chunchanakuppe,Bangalore,3190.0,5,5,3,Unfurnished,11.0,35000.0
"3 BHK Flat for Rent in Tatanagar, Bangalore",Tata Nagar,Bangalore,1400.0,3,3,2,Furnished,25.0,35000.0
"3 BHK Flat for Rent in Electronic City, Bangalore",Electronic City,Bangalore,1250.0,3,2,0,Unfurnished,14.0,18000.0
"4 BHK Flat for Rent in Kadugondanahalli, Kadugondanahalli, Bangalore",Kadugondanahalli,Bangalore,2800.0,4,5,2,Furnished,45.0,130000.0
"4 BHK Flat for Rent in Btm Layout, Bangalore",BTM Layout,Bangalore,4500.0,4,4,3,Furnished,46.0,210000.0
3 BHK House for Rent in Bommasandra Bangalore,Bommasandra,Bangalore,1300.0,3,2,0,Semi-Furnished,31.0,40000.0
"3 BHK Flat for Rent in Kodigehalli, Bangalore",Kodigehalli,Bangalore,1555.0,3,3,3,Semi-Furnished,26.0,40000.0
4 BHK Villa for Rent in Hennur Main Road Bangalore,Hennur Main Road,Bangalore,2900.0,4,4,3,Semi-Furnished,26.0,75000.0
"3 BHK Flat for Rent in Kanakapura Road, Bangalore",Kanakapura Road,Bangalore,1700.0,3,3,4,Furnished,28.0,48000.0
"3 BHK Flat for Rent in Koramangala, Bangalore",Koramangala,Bangalore,1700.0,3,3,0,Furnished,53.0,90000.0
2 BHK House for Rent in Green Woods Layout Bangalore,Green Woods layout,Bangalore,1020.0,2,2,0,Semi-Furnished,15.0,15000.0
"1 BHK Flat for Rent in Hoysala Nagar Ramamurthy Nagar, Bangalore",Hoysalanagar,Bangalore,400.0,1,1,0,Furnished,30.0,12000.0
"3 BHK Flat for Rent in Block 7th Jayanagar, Bangalore",Block 7th Jayanagar,Bangalore,1650.0,3,3,0,Unfurnished,30.0,50000.0
1 BHK House for Rent in Thambu Chetty Palya Bangalore,Thambu Chetty Palya,Bangalore,800.0,1,1,0,Semi-Furnished,10.0,8400.0
2 BHK House for Rent in Vidyaranyapura Bangalore,Vidyaranyapura,Bangalore,1100.0,2,1,0,Semi-Furnished,12.0,13000.0
3 BHK House for Rent in Phase 1 Tejaswini Nagar Bangalore,Tejaswini Nagar Phase 1,Bangalore,1500.0,3,2,3,Semi-Furnished,21.0,32000.0
"2 BHK Flat for Rent in Stage 2nd BTM Layout, Bangalore",BTM Layout Stage 2,Bangalore,1150.0,2,2,0,Semi-Furnished,23.0,27000.0
2 BHK House for Rent in Kanaka Nagar Hebbal Bangalore,Kanaka Nagar,Bangalore,1200.0,2,2,0,Semi-Furnished,50.0,60000.0
2 BHK House for Rent in Hesarghatta Road Bangalore,Hesarghatta Road,Bangalore,1000.0,2,1,0,Semi-Furnished,12.0,12000.0
"2 BHK Flat for Rent in Bhoganhalli, Bangalore",Bhoganhalli,Bangalore,1000.0,2,2,0,Semi-Furnished,60.0,60000.0
2 BHK House for Rent in Block 3rd Narayana Nagar Bangalore,Block 3rd Narayana Nagar,Bangalore,1100.0,2,2,0,Semi-Furnished,20.0,22000.0
"1 BHK Flat for Rent in ITPL Main Road, Bangalore",ITPL Main Road,Bangalore,600.0,1,1,0,Semi-Furnished,25.0,15000.0
"5 BHK Flat for Rent in Kattigenahalli, Bellary Road, Bangalore",Kattigenahalli,Bangalore,2860.0,5,5,4,Semi-Furnished,21.0,60000.0
"3 BHK Flat for Rent in Hsr Layout, Bangalore",HSR Layout,Bangalore,1350.0,3,2,2,Unfurnished,33.0,45000.0
"2 BHK Flat for Rent in Kanakapura Road, Bangalore",Kanakapura Road,Bangalore,1260.0,2,2,0,Semi-Furnished,32.0,40000.0
2 BHK House for Rent in Kannuru Bangalore,Kannuru,Bangalore,600.0,2,1,0,Unfurnished,13.0,8000.0
2 BHK House for Rent in Stage 6th Banashankari Bangalore,Banashankari stage 6,Bangalore,1000.0,2,2,0,Unfurnished,12.0,12000.0
"3 BHK Flat for Rent in Hosa Road, off Hosur Road, Bangalore",Hosa Road,Bangalore,1717.0,3,3,0,Semi-Furnished,41.0,70000.0
"3 BHK Flat for Rent in Bellandur, Outer Ring Road, Bangalore",Bellandur,Bangalore,1880.0,3,3,2,Unfurnished,35.0,65000.0
"2 BHK Flat for Rent in Thigalarapalya Hoodi, Bangalore",Thigalarapalya,Bangalore,940.0,2,2,2,Semi-Furnished,43.0,40000.0
"5 BHK Flat for Rent in Infantry Road, Bangalore",Infantry Road,Bangalore,2000.0,5,5,2,Semi-Furnished,30.0,60000.0
1 BHK House for Rent in Basapura Bangalore,Basapura,Bangalore,500.0,1,1,0,Unfurnished,11.0,5500.0
"3 BHK Flat for Rent in Malleshwaram, Bangalore",Malleshwaram,Bangalore,1800.0,3,3,3,Semi-Furnished,28.0,50000.0
1 BHK House for Rent in Hebbal Bangalore,Hebbal,Bangalore,800.0,1,1,0,Semi-Furnished,12.0,10000.0
"3 BHK House for Rent in Lingarajapuram, Lingarajapuram, Hennur Main Road Bangalore",Lingarajapuram,Bangalore,1200.0,3,2,0,Semi-Furnished,23.0,28000.0
3 BHK House for Rent in Rainbow Drive Bangalore,Rainbow Drive,Bangalore,1850.0,3,4,2,Semi-Furnished,46.0,85000.0
"3 BHK Flat for Rent in Whitefield, Bangalore",Whitefield,Bangalore,1600.0,3,3,2,Semi-Furnished,50.0,80000.0
"2 BHK Flat for Rent in Banaswadi, Bangalore",Banaswadi,Bangalore,1225.0,2,3,3,Semi-Furnished,29.0,35000.0
"3 BHK Flat for Rent in Bommasandra, Bangalore",Bommasandra,Bangalore,1400.0,3,2,3,Furnished,25.0,35000.0
"2 BHK Flat for Rent in Marathahalli, Bangalore",Marathahalli,Bangalore,1144.0,2,2,2,Unfurnished,37.0,42000.0
"3 BHK Flat for Rent in Hennur Main Road, Bangalore",Hennur Main Road,Bangalore,1600.0,3,3,3,Semi-Furnished,34.0,55000.0
"3 BHK Flat for Rent in Bannerghatta Main Road, Bangalore",Bannerghatta Road,Bangalore,1810.0,3,3,2,Unfurnished,36.0,65000.0
"2 BHK Flat for Rent in Krishnarajapura, Bangalore",KR Puram,Bangalore,810.0,2,2,2,Unfurnished,32.0,26000.0
"3 BHK Flat for Rent in Cooke Town, Cooke Town, Bangalore",Cooke Town,Bangalore,1750.0,3,3,0,Semi-Furnished,36.0,63000.0
"3 BHK Flat for Rent in Basaveshwara Hbcs Layout, Vijayanagar, West Of Chord Road, Bangalore",Basaveshwara HBCS Layout,Bangalore,2400.0,3,3,0,Semi-Furnished,15.0,36000.0
"2 BHK Flat for Rent in Begur Road, Bangalore",Begur Road,Bangalore,891.0,2,2,0,Semi-Furnished,46.0,41000.0
2 BHK House for Rent in MC Layout Bangalore,MC Layout,Bangalore,1000.0,2,2,0,Semi-Furnished,24.0,24000.0
"2 BHK Flat for Rent in Gunjur Balagere Road, Bangalore",Gunjur Balagere Road,Bangalore,1100.0,2,2,0,Semi-Furnished,32.0,35000.0
"3 BHK Flat for Rent in Marathahalli, Bangalore",Marathahalli,Bangalore,1760.0,3,3,2,Semi-Furnished,44.0,77000.0
"3 BHK Flat for Rent in J P Nagar, Bangalore",JP Nagar,Bangalore,1515.0,3,2,2,Semi-Furnished,30.0,45000.0
"1 BHK Flat for Rent in Silicon Town, Bangalore",Silicon Town,Bangalore,600.0,1,1,0,Unfurnished,19.0,11500.0
"2 BHK Flat for Rent in Kasturi Nagar, Bangalore",Kasturi Nagar,Bangalore,1266.0,2,2,0,Furnished,39.0,50000.0
4 BHK Villa for Rent in Sarjapur Road Bangalore,Sarjapur Road,Bangalore,3000.0,4,4,4,Semi-Furnished,30.0,90000.0
"3 BHK Flat for Rent in Marathahalli Sarjapur Outer Ring Road, Bangalore",Marathahalli Sarjapur Outer Ring Road,Bangalore,2015.0,3,3,3,Semi-Furnished,50.0,100000.0
4 BHK Villa for Rent in Rajanukunte Bangalore,Rajanukunte,Bangalore,4430.0,4,4,3,Unfurnished,68.0,300000.0
"2 BHK Flat for Rent in Yemalur, Bellandur, Bangalore",Yemalur,Bangalore,950.0,2,2,0,Unfurnished,63.0,60000.0
"3 BHK Flat for Rent in Yelahanka, Bangalore",Yelahanka,Bangalore,1315.0,3,3,2,Semi-Furnished,37.0,48000.0
"2 BHK Flat for Rent in Marathahalli, Bangalore",Marathahalli,Bangalore,670.0,2,2,0,Semi-Furnished,33.0,22000.0
1 BHK House for Rent in Sector 2 HSR Layout Bangalore,Sector 2 HSR Layout,Bangalore,550.0,1,1,0,Semi-Furnished,20.0,11000.0
"3 BHK Flat for Rent in Hebbal, Bangalore",Hebbal,Bangalore,1645.0,3,3,2,Furnished,58.0,95000.0
"5 BHK Flat for Rent in Kumara Park West, Kumara Park West, Bangalore",Kumara park West,Bangalore,4500.0,5,6,3,Semi-Furnished,30.0,140000.0
"3 BHK Flat for Rent in Kalena Agrahara, Bangalore",Kalena Agrahara,Bangalore,1804.0,3,3,2,Semi-Furnished,33.0,60000.0
2 BHK House for Rent in Devappa Layout Bangalore,Devappa Layout,Bangalore,700.0,2,1,0,Semi-Furnished,21.0,15000.0
"3 BHK Flat for Rent in Cox Town, Bangalore",Cox Town,Bangalore,1500.0,3,2,2,Furnished,31.0,47000.0
2 BHK House for Rent in D Group Layout Bangalore,D Group Layout,Bangalore,1100.0,2,2,0,Unfurnished,23.0,25000.0
"3 BHK Flat for Rent in Cleveland Town, Frazer Town, Bangalore",Cleveland Town,Bangalore,2865.0,3,3,3,Semi-Furnished,44.0,130000.0
"2 BHK Flat for Rent in Jakkur, Bangalore",Jakkur,Bangalore,790.0,2,2,0,Furnished,38.0,30000.0
"3 BHK Flat for Rent in Vidyaranyapura, Bangalore",Vidyaranyapura,Bangalore,1810.0,3,3,2,Semi-Furnished,18.0,33000.0
"3 BHK Flat for Rent in Hennur Main Road, Bangalore",Hennur Main Road,Bangalore,1904.0,3,3,2,Semi-Furnished,24.0,45000.0
"1 BHK Flat for Rent in Block 4 Koramangala, Bangalore",Koramangala Block 4,Bangalore,1200.0,1,1,0,Semi-Furnished,43.0,52000.0
"2 BHK Flat for Rent in Chowdeshwari Layout Marathahalli Village, Bangalore",Chowdeshwari Layout Marathahalli Village,Bangalore,1010.0,2,2,0,Semi-Furnished,27.0,26895.0
"2 BHK Flat for Rent in Bagalur Main Road, Bangalore",Bagalur Main Road,Bangalore,971.0,2,2,0,Semi-Furnished,30.0,29000.0
2 BHK House for Rent in Basavanagara Bangalore,Basavanagara,Bangalore,1400.0,2,2,0,Semi-Furnished,14.0,20000.0
"3 BHK Flat for Rent in Phase 2 Electronic City, Bangalore",Electronic City Phase 2,Bangalore,1550.0,3,3,0,Furnished,39.0,60000.0
"1 BHK House for Rent in Kaggadasapura, Indira nagar Bangalore",Kaggadasapura,Bangalore,600.0,1,1,0,Unfurnished,15.0,9000.0
3 BHK Villa for Rent in Sarjapur Road Bangalore,Sarjapur Road,Bangalore,2594.0,3,3,0,Furnished,37.0,95000.0
"3 BHK Flat for Rent in Koramangala, Bangalore",Koramangala,Bangalore,1436.0,3,2,0,Furnished,52.0,75000.0
1 BHK House for Rent in Marathahalli Bangalore,Marathahalli,Bangalore,200.0,1,1,0,Semi-Furnished,50.0,10000.0
"2 BHK Flat for Rent in Kadugodi, Bangalore",Kadugodi,Bangalore,1130.0,2,2,0,Semi-Furnished,29.0,33000.0
1 BHK House for Rent in Patteghar Palya Main Road Bangalore,Patteghar Palya Main Road,Bangalore,300.0,1,1,0,Unfurnished,17.0,5000.0
3 BHK House for Rent in Kengeri Bangalore,Kengeri,Bangalore,1000.0,3,2,2,Furnished,23.0,23000.0
"2 BHK Flat for Rent in Phase 7 JP Nagar, Bangalore",Phase 7 JP Nagar,Bangalore,1100.0,2,2,0,Unfurnished,35.0,38000.0
1 BHK House for Rent in Rajajinagar Bangalore,Rajaji Nagar,Bangalore,400.0,1,1,0,Unfurnished,21.0,8500.0
"3 BHK Flat for Rent in Varthur, Bangalore",Varthur,Bangalore,1905.0,3,3,2,Semi-Furnished,37.0,70000.0
3 BHK Villa for Rent in Maruthi Nagar Yelahanka Bangalore,Maruthi Nagar Yelahanka,Bangalore,2000.0,3,3,0,Unfurnished,100.0,200000.0
"2 BHK Flat for Rent in Chikkalasandra, Bangalore",Chikkalasandra,Bangalore,1090.0,2,2,2,Unfurnished,20.0,22000.0
"2 BHK Flat for Rent in Marathahalli, Bangalore",Marathahalli,Bangalore,800.0,2,1,0,Semi-Furnished,29.0,23000.0
"2 BHK Flat for Rent in Btm Layout, Bangalore",BTM Layout,Bangalore,1360.0,2,2,0,Unfurnished,19.0,26000.0
"3 BHK Flat for Rent in Whitefield, Bangalore",Whitefield,Bangalore,1525.0,3,3,2,Unfurnished,41.0,62000.0
3 BHK House for Rent in Nandini Layout Bangalore,Nandini Layout,Bangalore,1500.0,3,3,0,Unfurnished,19.0,28000.0
"2 BHK Flat for Rent in Stage 6th Banashankari, Bangalore",Banashankari stage 6,Bangalore,605.0,2,2,0,Semi-Furnished,58.0,35000.0
"3 BHK Flat for Rent in Phase 1 Electronics City, Bangalore",Electronics City Phase 1,Bangalore,1750.0,3,3,0,Semi-Furnished,29.0,50000.0
"2 BHK Flat for Rent in Veerasandra, Bangalore",Veerasandra,Bangalore,1000.0,2,2,0,Unfurnished,15.0,15000.0
"2 BHK Flat for Rent in Yelahanka Airforce Base, Bangalore",Yelahanka Air Force base,Bangalore,1000.0,2,2,3,Furnished,30.0,30000.0
"2 BHK Flat for Rent in Yelahanka, Bangalore",Yelahanka,Bangalore,1057.0,2,2,0,Unfurnished,21.0,22000.0
"3 BHK Flat for Rent in Bhoganhalli, Bangalore",Bhoganhalli,Bangalore,1800.0,3,3,2,Semi-Furnished,43.0,77000.0
"1 BHK Flat for Rent in Yelahanka New Town, Bangalore",Yelahanka New Town,Bangalore,450.0,1,1,0,Unfurnished,24.0,11000.0
"2 BHK Flat for Rent in Kaikondrahalli, Bangalore",Kaikondrahalli,Bangalore,1250.0,2,2,0,Semi-Furnished,36.0,45000.0
"2 BHK Flat for Rent in Neeladri Nagar, Bangalore",Neeladri Nagar,Bangalore,1200.0,2,2,0,Furnished,20.0,24000.0
"2 BHK Flat for Rent in Jigani, Bangalore",Jigani,Bangalore,1343.0,2,2,3,Semi-Furnished,16.0,21000.0
4 BHK Villa for Rent in Chikkagubbi Village Bangalore,Chikkagubbi Village,Bangalore,3695.0,4,4,3,Semi-Furnished,51.0,190000.0
2 BHK House for Rent in Yeswanthpur Bangalore,Yeswanthpur,Bangalore,600.0,2,1,0,Semi-Furnished,20.0,12000.0
"3 BHK Flat for Rent in Gunjur, Bangalore",Gunjur,Bangalore,1375.0,3,2,0,Semi-Furnished,33.0,45000.0
"2 BHK Flat for Rent in Bellandur, Outer Ring Road, Bangalore",Bellandur,Bangalore,1185.0,2,2,0,Unfurnished,30.0,35000.0
1 BHK House for Rent in A Block AECS Layout Bangalore,AECS Layout Block A,Bangalore,1000.0,1,1,0,Semi-Furnished,24.0,24000.0
"3 BHK Flat for Rent in Battarahalli, Bangalore",Battarahalli,Bangalore,1864.0,3,3,0,Furnished,32.0,60000.0
4 BHK Villa for Rent in Indiranagar Bangalore,Indira Nagar,Bangalore,4500.0,4,4,0,Semi-Furnished,39.0,180000.0
"2 BHK Flat for Rent in Sarjapur Road, Bangalore",Sarjapur Road,Bangalore,800.0,2,2,0,Unfurnished,22.0,18000.0
"2 BHK Flat for Rent in Stage 3rd Banashankari, Bangalore",Banashankari Stage 3,Bangalore,1200.0,2,2,2,Unfurnished,25.0,30000.0
"3 BHK Flat for Rent in Kengeri Main Road, Bangalore",Kengeri Main Road,Bangalore,1250.0,3,3,3,Furnished,20.0,25000.0
"2 BHK Flat for Rent in RT Nagar, Bangalore",RT Nagar,Bangalore,900.0,2,2,2,Semi-Furnished,28.0,25000.0
"2 BHK Flat for Rent in Doopanahalli, Indira nagar, Bangalore",Doopanahalli,Bangalore,1150.0,2,2,2,Semi-Furnished,37.0,43000.0
"3 BHK Flat for Rent in Hebbal, Bangalore",Hebbal,Bangalore,3741.0,3,4,0,Unfurnished,79.0,300000.0
"4 BHK Villa for Rent in Ecc Road, Whitefield Bangalore",ECC Road,Bangalore,4000.0,4,5,3,Semi-Furnished,50.0,200000.0
"3 BHK Flat for Rent in Puttanahalli, Bangalore",Puttanahalli,Bangalore,1350.0,3,3,2,Semi-Furnished,28.0,38000.0
"3 BHK Flat for Rent in Yelahanka, Bangalore",Yelahanka,Bangalore,1050.0,3,3,2,Furnished,48.0,50000.0
1 BHK House for Rent in Mahadevapura Bangalore,Mahadevapura,Bangalore,200.0,1,1,0,Semi-Furnished,50.0,10000.0
"4 BHK Flat for Rent in Stage 2nd Rajajinagar, Bangalore",Rajajinagar Stage 2,Bangalore,2200.0,4,5,3,Semi-Furnished,102.0,230000.0
"2 BHK Flat for Rent in Kadugodi, Bangalore",Kadugodi,Bangalore,1095.0,2,2,2,Semi-Furnished,23.0,25000.0
"3 BHK Flat for Rent in Halasuru, Bangalore",Halasuru,Bangalore,1455.0,3,3,2,Semi-Furnished,86.0,130000.0
"2 BHK Flat for Rent in Bannerghatta Main Road, Bangalore",Bannerghatta Road,Bangalore,1270.0,2,2,2,Semi-Furnished,28.0,35000.0
"2 BHK Flat for Rent in Bagalur Main Road, Bangalore",Bagalur Main Road,Bangalore,675.0,2,2,2,Semi-Furnished,39.0,26000.0
1 BHK House for Rent in Vagdevi Layout Bangalore,Vagdevi Layout,Bangalore,420.0,1,1,0,Semi-Furnished,43.0,18000.0
"2 BHK Flat for Rent in Wilson Garden, Bangalore",Wilson Garden,Bangalore,1200.0,2,2,0,Unfurnished,41.0,49000.0
"3 BHK Flat for Rent in Bilekahalli, Bangalore",Bilekahalli,Bangalore,1100.0,3,2,0,Semi-Furnished,45.0,50000.0
4 BHK Villa for Rent in Kodichikknahalli Seenappa Layout Bommanahalli Bangalore,Kodichikknahalli,Bangalore,3100.0,4,4,0,Furnished,26.0,80000.0
"3 BHK Flat for Rent in Old Madras Road, Bangalore",Old Madras Road,Bangalore,1150.0,3,3,2,Semi-Furnished,39.0,45000.0
"3 BHK Flat for Rent in Varthur, Bangalore",Varthur,Bangalore,2750.0,3,3,3,Unfurnished,36.0,100000.0
"2 BHK Flat for Rent in Koramangala, Bangalore",Koramangala,Bangalore,900.0,2,2,0,Semi-Furnished,33.0,30000.0
"3 BHK Flat for Rent in Whitefield, Bangalore",Whitefield,Bangalore,1253.0,3,2,0,Furnished,52.0,65000.0
4 BHK Villa for Rent in Nandi Hills Bangalore,Nandi Hills,Bangalore,7900.0,4,5,2,Furnished,61.0,480000.0
"1 BHK House for Rent in Anjanadri Layout, Konanakunte Bangalore",Anjanadri Layout,Bangalore,350.0,1,1,0,Semi-Furnished,29.0,10000.0
"2 BHK Flat for Rent in Thanisandra, Bangalore",Thanisandra,Bangalore,627.0,2,2,3,Semi-Furnished,56.0,35000.0
2 BHK House for Rent in Kasturi Nagar Bangalore,Kasturi Nagar,Bangalore,800.0,2,2,0,Semi-Furnished,26.0,21000.0
"1 BHK Flat for Rent in Vasanth Nagar, Bangalore",Vasanth Nagar,Bangalore,400.0,1,1,0,Unfurnished,39.0,15500.0
3 BHK Villa for Rent in Sarjapura Bangalore,Sarjapur,Bangalore,1750.0,3,3,0,Semi-Furnished,18.0,32000.0
"1 BHK Flat for Rent in Papareddipalya, Bangalore",Papareddipalya,Bangalore,600.0,1,1,0,Unfurnished,12.0,7500.0
"2 BHK Flat for Rent in Silver Oak Layout, J P Nagar, Bangalore",Silver Oak Layout,Bangalore,1200.0,2,2,3,Semi-Furnished,28.0,33000.0
4 BHK Villa for Rent in Indiranagar Bangalore,Indira Nagar,Bangalore,4541.0,4,5,4,Unfurnished,61.0,280000.0
"4 BHK Flat for Rent in Mahadevapura, Bangalore",Mahadevapura,Bangalore,2000.0,4,3,4,Semi-Furnished,42.0,85000.0
"1 BHK Flat for Rent in Ashwini Layout, Ejipura, Bangalore",Ashwini layout,Bangalore,450.0,1,1,2,Semi-Furnished,29.0,13000.0
"2 BHK Flat for Rent in Varthur, Bangalore",Varthur,Bangalore,1242.0,2,2,0,Semi-Furnished,36.0,45000.0
"8 BHK Villa for Rent in Kundalahalli, Brookefield Bangalore",Kundalahalli,Bangalore,3000.0,8,8,5,Semi-Furnished,42.0,130000.0
2 BHK House for Rent in Kodathi Bangalore,Kodathi,Bangalore,700.0,2,1,0,Semi-Furnished,23.0,16000.0
"2 BHK Flat for Rent in Vijayanagar, Bangalore",Vijayanagar,Bangalore,800.0,2,1,2,Unfurnished,25.0,20000.0
3 BHK House for Rent in Basaveshwar Nagar Bangalore,Basaveshwar Nagar,Bangalore,1200.0,3,2,0,Semi-Furnished,15.0,18000.0
"4 BHK Flat for Rent in Itpl, Whitefield, Bangalore",ITPL,Bangalore,2750.0,4,3,3,Semi-Furnished,36.0,100000.0
"2 BHK Flat for Rent in Electronic City, Bangalore",Electronic City,Bangalore,910.0,2,2,0,Semi-Furnished,18.0,16000.0
"3 BHK Flat for Rent in Murgesh Pallya, Bangalore",Murugeshpalya,Bangalore,1800.0,3,3,3,Semi-Furnished,50.0,90000.0
"3 BHK Flat for Rent in Rayasandra Main Road, Bangalore",Rayasandra Main Road,Bangalore,1400.0,3,3,0,Semi-Furnished,31.0,43000.0
4 BHK Villa for Rent in Vittasandra Main Road Bangalore,Vittasandra Main Road,Bangalore,1200.0,4,3,0,Semi-Furnished,33.0,40000.0
"2 BHK Flat for Rent in Panathur, Bangalore",Panathur,Bangalore,1231.0,2,2,2,Furnished,32.0,40000.0
"2 BHK Flat for Rent in Phase 1 Electronics City, Bangalore",Electronics City Phase 1,Bangalore,1000.0,2,2,2,Unfurnished,27.0,27000.0
1 BHK House for Rent in Hennur Gardens Bangalore,Hennur,Bangalore,400.0,1,1,0,Semi-Furnished,30.0,12000.0
"1 BHK Flat for Rent in Electronic City, Bangalore",Electronic City,Bangalore,550.0,1,1,0,Semi-Furnished,24.0,13000.0
"3 BHK Flat for Rent in Thanisandra, Bangalore",Thanisandra,Bangalore,1200.0,3,2,0,Semi-Furnished,29.0,35000.0
"1 BHK Flat for Rent in Kengeri Satellite Town, Bangalore",Kengeri Satellite Town,Bangalore,550.0,1,1,0,Semi-Furnished,10.0,5500.0
"3 BHK Flat for Rent in Bannerghatta Main Road, Bangalore",Bannerghatta Road,Bangalore,1445.0,3,3,3,Semi-Furnished,30.0,43000.0
"3 BHK Flat for Rent in Thanisandra, Bangalore",Thanisandra,Bangalore,1200.0,3,3,0,Semi-Furnished,47.0,56000.0
2 BHK House for Rent in Horamavu Main Road Bangalore,Horamavu Main Road,Bangalore,950.0,2,2,0,Unfurnished,30.0,28500.0
"2 BHK Flat for Rent in Amarjyoti Layout, Bangalore",Amarjyoti Layout-Domlur,Bangalore,1100.0,2,2,0,Furnished,44.0,48000.0
1 BHK House for Rent in Basapura Bangalore,Basapura,Bangalore,550.0,1,1,0,Semi-Furnished,25.0,14000.0
1 BHK House for Rent in Madavara Bangalore,Madavara,Bangalore,560.0,1,1,0,Semi-Furnished,11.0,6000.0
"2 BHK Flat for Rent in Marathahalli, Bangalore",Marathahalli,Bangalore,1365.0,2,2,0,Furnished,48.0,65000.0
3 BHK House for Rent in Kasturi Nagar Bangalore,Kasturi Nagar,Bangalore,2400.0,3,3,0,Semi-Furnished,31.0,75000.0
"2 BHK Flat for Rent in Sarjapur Road, Bangalore",Sarjapur Road,Bangalore,850.0,2,2,0,Semi-Furnished,39.0,33000.0
"3 BHK Flat for Rent in Naganathapura Rayasandra, Bangalore",Naganathapura,Bangalore,1150.0,3,3,0,Semi-Furnished,30.0,35000.0
"2 BHK Flat for Rent in Chandapura, Bangalore",Chandapura,Bangalore,900.0,2,2,0,Furnished,23.0,21000.0
"4 BHK Flat for Rent in Hebbal, Bangalore",Hebbal,Bangalore,3940.0,4,5,2,Furnished,63.0,250000.0
"2 BHK Flat for Rent in Bommasandra Jigani Link Road, Bangalore",Bommasandra Jigani Link Road,Bangalore,1044.0,2,2,0,Semi-Furnished,29.0,30000.0
"1 BHK Flat for Rent in Phase 7 JP Nagar, Bangalore",Phase 7 JP Nagar,Bangalore,450.0,1,1,0,Semi-Furnished,22.0,10000.0
2 BHK House for Rent in Koramangala Bangalore,Koramangala,Bangalore,800.0,2,2,0,Semi-Furnished,50.0,40000.0
"3 BHK Flat for Rent in Thanisandra Main Road, Bangalore",Thanisandra Main Road,Bangalore,1390.0,3,2,2,Semi-Furnished,29.0,40000.0
"3 BHK Flat for Rent in Hsr Layout, Bangalore",HSR Layout,Bangalore,1400.0,3,3,3,Semi-Furnished,45.0,63000.0
"2 BHK Flat for Rent in Devanahalli, Bangalore",Devanahalli,Bangalore,1360.0,2,2,0,Semi-Furnished,24.0,32000.0
"1 BHK House for Rent in Kaggadasapura, Indira nagar Bangalore",Kaggadasapura,Bangalore,375.0,1,1,0,Unfurnished,25.0,9500.0
"3 BHK Flat for Rent in Bellandur, Outer Ring Road, Bangalore",Bellandur,Bangalore,1450.0,3,2,2,Semi-Furnished,32.0,47000.0
3 BHK Villa for Rent in Sarjapur Road Bangalore,Sarjapur Road,Bangalore,2400.0,3,4,2,Semi-Furnished,25.0,59500.0
"1 BHK Flat for Rent in Halasuru, Bangalore",Halasuru,Bangalore,450.0,1,1,0,Semi-Furnished,29.0,13000.0
4 BHK House for Rent in Chikkabellandur Bangalore,Chikkabellandur,Bangalore,2400.0,4,4,2,Semi-Furnished,21.0,50000.0
"1 BHK Flat for Rent in Viveka Nagar, Bangalore",Viveka Nagar,Bangalore,600.0,1,1,0,Unfurnished,37.0,22000.0
"3 BHK Flat for Rent in Koramangala, Bangalore",Koramangala,Bangalore,2000.0,3,3,2,Semi-Furnished,40.0,80000.0
5 BHK Villa for Rent in Whitefield Bangalore,Whitefield,Bangalore,5800.0,5,6,3,Semi-Furnished,69.0,400000.0
"2 BHK Flat for Rent in Phase 7 JP Nagar, Bangalore",Phase 7 JP Nagar,Bangalore,1000.0,2,2,0,Unfurnished,10.0,10000.0
"3 BHK Flat for Rent in Phase 2 Electronic City, Bangalore",Electronic City Phase 2,Bangalore,1550.0,3,3,0,Semi-Furnished,21.0,32000.0
"2 BHK Flat for Rent in Phase 1 Electronics City, Bangalore",Electronics City Phase 1,Bangalore,1345.0,2,2,2,Semi-Furnished,37.0,50000.0
3 BHK House for Rent in Kempapura Bangalore,Kempapura,Bangalore,900.0,3,3,0,Semi-Furnished,20.0,18000.0
"3 BHK Flat for Rent in Kasavanahalli, Bangalore",Kasavanahalli,Bangalore,1509.0,3,3,3,Furnished,52.0,77900.0
"3 BHK Flat for Rent in Doddanekundi, Kartik Nagar, Bangalore",Doddanekundi,Bangalore,1600.0,3,2,2,Semi-Furnished,47.0,75000.0
"3 BHK Flat for Rent in Bagalur Main Road, Bangalore",Bagalur Main Road,Bangalore,1100.0,3,3,2,Semi-Furnished,36.0,40000.0
"2 BHK Flat for Rent in Varthur, Bangalore",Varthur,Bangalore,1260.0,2,2,2,Semi-Furnished,36.0,45000.0
2 BHK House for Rent in Gollarahatti Bangalore,Gollarahatti,Bangalore,1200.0,2,1,0,Unfurnished,6.0,7500.0
"1 BHK Flat for Rent in Mahadevapura, Bangalore",Mahadevapura,Bangalore,400.0,1,1,0,Furnished,70.0,28000.0
3 BHK House for Rent in Pulikeshi Nagar Bangalore,Frazer Town,Bangalore,1700.0,3,2,0,Semi-Furnished,21.0,36000.0
4 BHK Villa for Rent in Hennur Gardens Bangalore,Hennur,Bangalore,2450.0,4,4,0,Semi-Furnished,82.0,200000.0
6 BHK Villa for Rent in Block 11th Stage 6th Banakshankari Bangalore,Banashankari 6th Stage-11th Block,Bangalore,4000.0,6,6,0,Semi-Furnished,18.0,70000.0
"4 BHK Flat for Rent in Marathahalli, Bangalore",Marathahalli,Bangalore,3650.0,4,4,3,Semi-Furnished,28.0,100000.0
2 BHK House for Rent in Whitefield Bangalore,Whitefield,Bangalore,800.0,2,2,0,Semi-Furnished,25.0,20000.0
"2 BHK Flat for Rent in Brookefield, Bangalore",Brookefield,Bangalore,800.0,2,2,0,Semi-Furnished,38.0,30000.0
"2 BHK Flat for Rent in Electronic City, Bangalore",Electronic City,Bangalore,858.0,2,2,0,Semi-Furnished,38.0,33000.0
"2 BHK Flat for Rent in Budigere, Bangalore",Budigere,Bangalore,1152.0,2,2,0,Semi-Furnished,26.0,30000.0
"1 BHK Flat for Rent in ITI Layout HSR Layout, Bangalore",ITI Layout,Bangalore,550.0,1,1,0,Unfurnished,48.0,26666.0
2 BHK House for Rent in Dasarahalli Main Road Bangalore,Dasarahalli Main Road,Bangalore,800.0,2,2,0,Semi-Furnished,19.0,15500.0
"4 BHK Flat for Rent in Thanisandra, Bangalore",Thanisandra,Bangalore,2600.0,4,4,2,Furnished,135.0,350000.0
"2 BHK Flat for Rent in Bagalur Main Road, Bangalore",Bagalur Main Road,Bangalore,999.0,2,2,2,Semi-Furnished,25.0,25000.0
4 BHK Villa for Rent in Electronic City Bangalore,Electronic City,Bangalore,2900.0,4,4,3,Semi-Furnished,12.0,35000.0
"3 BHK Flat for Rent in Whitefield, Bangalore",Whitefield,Bangalore,1600.0,3,3,2,Unfurnished,44.0,70000.0
"3 BHK Flat for Rent in Battarahalli, Bangalore",Battarahalli,Bangalore,1764.0,3,3,2,Semi-Furnished,28.0,50000.0
"3 BHK Flat for Rent in Nehru Nagar, Bangalore",Nehru Nagar,Bangalore,1568.0,3,3,0,Furnished,32.0,50000.0
"2 BHK Flat for Rent in Thanisandra Main Road, Bangalore",Thanisandra Main Road,Bangalore,1180.0,2,2,0,Semi-Furnished,32.0,38000.0
1 BHK House for Rent in Block 4th Jayanagar Bangalore,Block 4th Jayanagar,Bangalore,650.0,1,1,0,Semi-Furnished,18.0,12000.0
"3 BHK Flat for Rent in Bannerghatta Main Road, Bangalore",Bannerghatta Road,Bangalore,1810.0,3,3,2,Semi-Furnished,33.0,60000.0
"4 BHK Flat for Rent in Konanakunte, Bangalore",Konanakunte,Bangalore,2000.0,4,6,2,Semi-Furnished,45.0,90000.0
"3 BHK Flat for Rent in Balagere, Bangalore",Balagere,Bangalore,1250.0,3,3,0,Semi-Furnished,52.0,65000.0
"2 BHK Flat for Rent in Sector 5th HSR Layout, Bangalore",Sector 5 HSR Layout,Bangalore,900.0,2,2,0,Semi-Furnished,33.0,30000.0
1 BHK House for Rent in Ramamurthy Nagar Bangalore,Ramamurthy Nagar,Bangalore,450.0,1,1,0,Semi-Furnished,28.0,12500.0
2 BHK House for Rent in Karihobanahalli Bangalore,Kariobanahalli,Bangalore,950.0,2,2,0,Semi-Furnished,17.0,16000.0
"3 BHK Flat for Rent in J P Nagar, Bangalore",JP Nagar,Bangalore,1000.0,3,2,0,Furnished,75.0,75000.0
"2 BHK House for Rent in Malleshpalya, Kaggadasapura Bangalore",Malleshpalya,Bangalore,1200.0,2,2,0,Semi-Furnished,18.0,21000.0
2 BHK House for Rent in Hulimavu Bangalore,Hulimavu,Bangalore,1200.0,2,2,2,Semi-Furnished,11.0,13000.0
"4 BHK Flat for Rent in Thanisandra Main Road, Bangalore",Thanisandra Main Road,Bangalore,2800.0,4,5,3,Semi-Furnished,39.0,110000.0
"2 BHK Flat for Rent in Uttarahalli Main Road, Bangalore",Uttarahalli Main Road,Bangalore,900.0,2,2,0,Semi-Furnished,24.0,22000.0
"3 BHK Flat for Rent in Yelahanka, Bangalore",Yelahanka,Bangalore,2159.0,3,3,2,Unfurnished,21.0,45000.0
"2 BHK Flat for Rent in Kasavanahalli Village, Bangalore",Bellandur-Marathahalli,Bangalore,800.0,2,2,0,Semi-Furnished,31.0,25000.0
"3 BHK Flat for Rent in Ecc Road, Whitefield, Bangalore",ECC Road,Bangalore,1250.0,3,3,2,Semi-Furnished,40.0,50000.0
"2 BHK Flat for Rent in B Narayanapura, Mahadevapura, Bangalore",B Narayanapura,Bangalore,1250.0,2,2,0,Semi-Furnished,23.0,29000.0
"1 BHK Flat for Rent in Basapura, Bangalore",Basapura,Bangalore,460.0,1,1,0,Semi-Furnished,43.0,20000.0
"2 BHK Flat for Rent in Kumbalgodu, Bangalore",Kumbalgodu,Bangalore,988.0,2,2,0,Semi-Furnished,23.0,23000.0
"3 BHK Flat for Rent in Sarjapur Road, Bangalore",Sarjapur Road,Bangalore,1530.0,3,3,3,Unfurnished,42.0,65000.0
1 BHK House for Rent in RT Nagar Bangalore,RT Nagar,Bangalore,650.0,1,2,0,Furnished,37.0,24000.0
"3 BHK Flat for Rent in Kadugodi, Bangalore",Kadugodi,Bangalore,1245.0,3,2,0,Semi-Furnished,31.0,38000.0
"2 BHK Flat for Rent in Budigere, Bangalore",Budigere,Bangalore,965.0,2,2,0,Semi-Furnished,29.0,28000.0
3 BHK Villa for Rent in Bannerghatta Main Road Bangalore,Bannerghatta Road,Bangalore,2215.0,3,3,3,Semi-Furnished,29.0,65000.0
"4 BHK Villa for Rent in Ecc Road, Whitefield Bangalore",ECC Road,Bangalore,2500.0,4,5,2,Semi-Furnished,46.0,120000.0
"4 BHK Flat for Rent in T Dasarahalli, Bangalore",T Dasarahalli,Bangalore,3250.0,4,4,2,Furnished,20.0,65000.0
"3 BHK Flat for Rent in Hoodi, Hoodi, Bangalore",Hoodi,Bangalore,1650.0,3,2,2,Unfurnished,30.0,50000.0
"2 BHK Flat for Rent in J P Nagar, Bangalore",JP Nagar,Bangalore,750.0,2,2,2,Semi-Furnished,21.0,16000.0
"3 BHK Flat for Rent in Kundalahalli, Brookefield, Bangalore",Kundalahalli,Bangalore,2232.0,3,3,2,Semi-Furnished,58.0,130000.0
"3 BHK Flat for Rent in Kudlu Gate, Bangalore",Kudlu Gate,Bangalore,1850.0,3,3,2,Semi-Furnished,38.0,70000.0
"2 BHK Flat for Rent in Ramamurthy Nagar, Bangalore",Ramamurthy Nagar,Bangalore,800.0,2,2,0,Semi-Furnished,29.0,23000.0
"2 BHK Flat for Rent in Epip Zone, Whitefield, Bangalore",EPIP Zone,Bangalore,950.0,2,2,0,Furnished,34.0,32000.0
2 BHK House for Rent in Abbigere Bangalore,Abbigere,Bangalore,1200.0,2,2,0,Semi-Furnished,19.0,23000.0
"3 BHK Flat for Rent in G Block Sahakar Nagar, Bangalore",G Block Sahakar Nagar,Bangalore,1180.0,3,3,2,Furnished,64.0,75000.0
"3 BHK Flat for Rent in Electronic City, Bangalore",Electronic City,Bangalore,1550.0,3,3,2,Semi-Furnished,27.0,42000.0
"2 BHK Flat for Rent in Marathahalli, Bangalore",Marathahalli,Bangalore,1045.0,2,2,2,Semi-Furnished,36.0,38000.0
"3 BHK Flat for Rent in Sector 2 HSR Layout, Bangalore",Sector 2 HSR Layout,Bangalore,1200.0,3,3,2,Semi-Furnished,63.0,75000.0
"1 BHK Flat for Rent in Old Madras Road, Bangalore",Old Madras Road,Bangalore,550.0,1,1,0,Unfurnished,27.0,15000.0
"1 BHK Flat for Rent in Lakshminarayana Pura, Marathahalli, Bangalore",Lakshminarayana Pura,Bangalore,300.0,1,1,0,Furnished,60.0,18000.0
2 BHK House for Rent in Margondanahalli Bangalore,Margondanahalli,Bangalore,570.0,2,2,0,Semi-Furnished,15.0,8500.0
"2 BHK Flat for Rent in Uttarahalli Main Road, Bangalore",Uttarahalli Main Road,Bangalore,835.0,2,2,2,Semi-Furnished,26.0,22000.0
1 BHK House for Rent in Chinnapanna Halli Bangalore,Chinnapanna Halli,Bangalore,250.0,1,1,0,Semi-Furnished,44.0,11000.0
"3 BHK Flat for Rent in Hennur Bagalur Main Road, Bangalore",Hennur Bagalur Main Road,Bangalore,1200.0,3,3,2,Semi-Furnished,42.0,50000.0
"2 BHK Flat for Rent in Kaveri Nagar Kaval Bairasandra, Bangalore",Kaveri Nagar,Bangalore,1089.0,2,2,2,Unfurnished,22.0,24000.0
"2 BHK Flat for Rent in Bannerghatta Main Road, Bangalore",Bannerghatta Road,Bangalore,1150.0,2,2,2,Semi-Furnished,22.0,25000.0
"1 BHK Flat for Rent in Halasuru, Bangalore",Halasuru,Bangalore,1250.0,1,2,0,Furnished,80.0,100000.0
"5 BHK Villa for Rent in Royal Shelters, Bommanahalli Bangalore",Royal Shelters,Bangalore,6000.0,5,4,0,Furnished,25.0,150000.0
"2 BHK Flat for Rent in Ibbaluru, Bangalore",Iblur Village,Bangalore,1000.0,2,2,2,Semi-Furnished,43.0,43000.0
"3 BHK Flat for Rent in Ombr Layout, Banaswadi, Bangalore",OMBR Layout,Bangalore,1690.0,3,3,0,Semi-Furnished,28.0,48000.0
"2 BHK Flat for Rent in Electronic City, Bangalore",Electronic City,Bangalore,910.0,2,2,0,Semi-Furnished,33.0,30000.0
"3 BHK Flat for Rent in Gattahalli, Electronic City, Bangalore",Gattahalli,Bangalore,1235.0,3,2,0,Furnished,26.0,32000.0
4 BHK House for Rent in Hsr Layout Bangalore,HSR Layout,Bangalore,2000.0,4,3,0,Semi-Furnished,38.0,75000.0
3 BHK House for Rent in Kannuru Bangalore,Kannuru,Bangalore,860.0,3,3,2,Semi-Furnished,41.0,35000.0
4 BHK House for Rent in LBS Nagar Kaggadasapura Bangalore,LBS Nagar,Bangalore,2200.0,4,4,0,Semi-Furnished,20.0,45000.0
1 BHK House for Rent in Harlur Bangalore,Harlur,Bangalore,700.0,1,1,0,Semi-Furnished,16.0,11000.0
"1 BHK House for Rent in Immadihalli, Whitefield Bangalore",Immadihalli,Bangalore,650.0,1,1,0,Semi-Furnished,20.0,13000.0
2 BHK House for Rent in Banashankari Bangalore,Banashankari,Bangalore,1200.0,2,2,0,Semi-Furnished,29.0,35000.0
"2 BHK Flat for Rent in Thanisandra, Bangalore",Thanisandra,Bangalore,852.0,2,2,0,Unfurnished,39.0,33000.0
"3 BHK Flat for Rent in NR Colony Basavanagudi, Bangalore",NR Colony,Bangalore,1700.0,3,2,0,Semi-Furnished,18.0,30000.0
2 BHK House for Rent in Kadugodi Bangalore,Kadugodi,Bangalore,800.0,2,2,0,Semi-Furnished,28.0,22000.0
1 BHK House for Rent in Kodihalli Bangalore,Kodihalli,Bangalore,350.0,1,1,0,Unfurnished,46.0,16000.0
"2 BHK Flat for Rent in Hennur Gardens, Bangalore",Hennur,Bangalore,1575.0,2,2,3,Semi-Furnished,24.0,38000.0
"2 BHK Flat for Rent in Kadubeesanahalli, Bangalore",Kadubeesanahalli,Bangalore,1000.0,2,2,0,Semi-Furnished,23.0,23000.0
"2 BHK Flat for Rent in Ramamurthy Nagar, Bangalore",Ramamurthy Nagar,Bangalore,800.0,2,2,0,Semi-Furnished,31.0,25000.0
"3 BHK Flat for Rent in J P Nagar, Bangalore",JP Nagar,Bangalore,1400.0,3,3,2,Semi-Furnished,39.0,55000.0
"3 BHK Flat for Rent in Syndicate Bank Colony Omkar Nagar, Bangalore",Syndicate Bank Colony,Bangalore,1900.0,3,3,2,Semi-Furnished,26.0,50000.0
"3 BHK Flat for Rent in Dasarahalli Main Road, Bangalore",Dasarahalli Main Road,Bangalore,1094.0,3,3,3,Semi-Furnished,42.0,46000.0
"2 BHK Flat for Rent in Bagaluru, Bangalore",Bagaluru,Bangalore,655.0,2,2,2,Unfurnished,38.0,25000.0
"3 BHK Flat for Rent in Phase 1 Electronics City, Bangalore",Electronics City Phase 1,Bangalore,1600.0,3,2,0,Furnished,25.0,40000.0
"1 BHK Flat for Rent in Sarjapur Road, Bangalore",Sarjapur Road,Bangalore,600.0,1,1,0,Semi-Furnished,33.0,20000.0
"2 BHK House for Rent in Dooravani Nagar, Dooravani Nagar Bangalore",Dooravani Nagar,Bangalore,900.0,2,2,0,Unfurnished,17.0,15000.0
"1 BHK Flat for Rent in Tavarekere Suddagunte Palya, Bangalore",Tavarekere,Bangalore,400.0,1,1,0,Unfurnished,30.0,12000.0
"2 BHK House for Rent in Ms Palya, Vidyaranyapura Bangalore",MS Palya,Bangalore,800.0,2,1,0,Semi-Furnished,16.0,12500.0
"3 BHK Flat for Rent in Whitefield, Bangalore",Whitefield,Bangalore,1697.0,3,3,3,Semi-Furnished,37.0,62000.0
"2 BHK Flat for Rent in Marathahalli, Bangalore",Marathahalli,Bangalore,960.0,2,2,2,Semi-Furnished,36.0,35000.0
"3 BHK Flat for Rent in Whitefield, Bangalore",Whitefield,Bangalore,1570.0,3,2,0,Semi-Furnished,29.0,45000.0
"1 BHK Flat for Rent in Yemalur, Bellandur, Bangalore",Yemalur,Bangalore,406.0,1,1,0,Semi-Furnished,103.0,42000.0
4 BHK Villa for Rent in Maruthi Nagar Yelahanka Bangalore,Maruthi Nagar Yelahanka,Bangalore,4350.0,4,4,0,Semi-Furnished,55.0,240000.0
"2 BHK Flat for Rent in Rbi Layout, J P Nagar, Bangalore",RBI Layout,Bangalore,1150.0,2,2,0,Unfurnished,17.0,20000.0
"3 BHK Flat for Rent in Whitefield, Bangalore",Whitefield,Bangalore,1750.0,3,3,2,Furnished,26.0,45000.0
"2 BHK House for Rent in Isro Layout, Kumaraswamy Layout Bangalore",ISRO Layout,Bangalore,1200.0,2,2,0,Semi-Furnished,21.0,25000.0
1 BHK House for Rent in Devarachikkana Halli Bangalore,Devarachikkana Halli,Bangalore,450.0,1,1,0,Semi-Furnished,15.0,6800.0
"2 BHK Flat for Rent in Binny Pete, Bangalore",Binny Pete,Bangalore,975.0,2,2,2,Furnished,51.0,50000.0
"2 BHK Flat for Rent in Ramanjaneyanagar, Chikkalasandra, Bangalore",Ramanjaneyanagar,Bangalore,1130.0,2,2,0,Semi-Furnished,18.0,20000.0
1 BHK House for Rent in Arekere Bangalore,Arekere,Bangalore,400.0,1,1,0,Semi-Furnished,28.0,11000.0
2 BHK House for Rent in Sahakar Nagar Bangalore,Sahakara Nagar,Bangalore,900.0,2,2,0,Semi-Furnished,27.0,24000.0
"5 BHK Flat for Rent in Whitefield, Bangalore",Whitefield,Bangalore,6500.0,5,5,3,Semi-Furnished,69.0,450000.0
2 BHK House for Rent in BDA Lay Out Chandra Layout Bangalore,BDA Lay Out Chandra Layout,Bangalore,750.0,2,2,0,Semi-Furnished,20.0,15000.0
4 BHK Villa for Rent in Whitefield Bangalore,Whitefield,Bangalore,4934.0,4,4,3,Semi-Furnished,39.0,190000.0
"2 BHK Flat for Rent in LBS Nagar Kaggadasapura, Bangalore",LBS Nagar,Bangalore,900.0,2,2,2,Unfurnished,28.0,25000.0
"2 BHK Flat for Rent in Doddanagamangala Village, Bangalore",Doddanagamangala,Bangalore,700.0,2,1,0,Semi-Furnished,21.0,15000.0
2 BHK House for Rent in Huskur Bangalore,Huskur,Bangalore,1100.0,2,2,0,Semi-Furnished,23.0,25000.0
3 BHK Villa for Rent in Sarjapura Bangalore,Sarjapur,Bangalore,1750.0,3,3,2,Furnished,22.0,38000.0
2 BHK House for Rent in Bannerughatta Bangalore,Bannerghatta,Bangalore,900.0,2,2,0,Semi-Furnished,20.0,18000.0
"3 BHK Flat for Rent in Thanisandra, Bangalore",Thanisandra,Bangalore,2950.0,3,3,2,Semi-Furnished,86.0,260000.0
"3 BHK Flat for Rent in Thanisandra, Bangalore",Thanisandra,Bangalore,2100.0,3,3,5,Unfurnished,36.0,75000.0
4 BHK Villa for Rent in Horamavu Bangalore,Horamavu,Bangalore,4000.0,4,4,3,Semi-Furnished,31.0,130000.0
"3 BHK Flat for Rent in Seegehalli, Bangalore",Seegehalli,Bangalore,200.0,3,2,2,Furnished,210.0,42000.0
"3 BHK Flat for Rent in Hebbal, Bangalore",Hebbal,Bangalore,1900.0,3,4,2,Unfurnished,42.0,80000.0
"3 BHK Flat for Rent in Kasavanahalli, Bangalore",Kasavanahalli,Bangalore,1000.0,3,3,0,Semi-Furnished,40.0,40000.0
"1 BHK House for Rent in Vyalikaval, Malleshwaram Bangalore",Vyalikaval,Bangalore,330.0,1,1,0,Unfurnished,36.0,12000.0
4 BHK Villa for Rent in Sarjapur Road Bangalore,Sarjapur Road,Bangalore,3430.0,4,3,2,Semi-Furnished,22.0,75000.0
2 BHK House for Rent in Krishnarajapura Bangalore,KR Puram,Bangalore,1000.0,2,1,0,Semi-Furnished,15.0,15000.0
4 BHK House for Rent in Vijayanagar Bangalore,Vijayanagar,Bangalore,2250.0,4,3,0,Unfurnished,13.0,30000.0
"2 BHK Flat for Rent in Yelahanka, Bangalore",Yelahanka,Bangalore,1322.0,2,2,2,Semi-Furnished,30.0,40000.0
5 BHK Villa for Rent in Gunjur Bangalore,Gunjur,Bangalore,7830.0,5,7,5,Semi-Furnished,36.0,280000.0
"2 BHK Flat for Rent in Electronic City, Bangalore",Electronic City,Bangalore,1650.0,2,2,0,Furnished,9.0,15000.0
"2 BHK Flat for Rent in Chikkabanavara, Bangalore",Chikkabanavara,Bangalore,1169.0,2,2,0,Unfurnished,17.0,20000.0
"3 BHK Flat for Rent in Kadugodi, Bangalore",Kadugodi,Bangalore,1590.0,3,3,0,Semi-Furnished,31.0,50000.0
"5 BHK Villa for Rent in Kundalahalli, Brookefield Bangalore",Kundalahalli,Bangalore,6000.0,5,3,3,Furnished,33.0,200000.0
"3 BHK Flat for Rent in Chokkanahalli, Thanisandra Main Road, Bangalore",Chokkanahalli,Bangalore,1470.0,3,3,2,Semi-Furnished,14.0,20000.0
2 BHK House for Rent in Mudalapalya Bangalore,Moodalapalya,Bangalore,900.0,2,2,0,Semi-Furnished,16.0,14000.0
"3 BHK Flat for Rent in Sarjapur Road, Bangalore",Sarjapur Road,Bangalore,1000.0,3,2,2,Semi-Furnished,65.0,65000.0
"4 BHK Flat for Rent in Sarjapur Road, Bangalore",Sarjapur Road,Bangalore,3370.0,4,4,4,Unfurnished,30.0,100000.0
2 BHK House for Rent in J P Nagar Bangalore,JP Nagar,Bangalore,600.0,2,1,0,Unfurnished,20.0,12000.0
"3 BHK House for Rent in Singasandra, Hosur Road Bangalore",Singasandra,Bangalore,2600.0,3,3,0,Furnished,29.0,75000.0
"1 BHK Flat for Rent in Sector 2 HSR Layout, Bangalore",Sector 2 HSR Layout,Bangalore,650.0,1,1,0,Unfurnished,32.0,21000.0
"2 BHK Flat for Rent in Nagasandra, Bangalore",Nagasandra,Bangalore,868.0,2,2,0,Semi-Furnished,40.0,35000.0
"5 BHK Flat for Rent in Bannerghatta Main Road, Bangalore",Bannerghatta Road,Bangalore,2000.0,5,5,3,Unfurnished,30.0,60000.0
"2 BHK Flat for Rent in Kalyan Nagar, Bangalore",Kalyan Nagar,Bangalore,765.0,2,1,0,Semi-Furnished,33.0,25000.0
2 BHK House for Rent in Bileshivale Bangalore,Bileshivale,Bangalore,1300.0,2,2,0,Semi-Furnished,215.0,280000.0
"3 BHK Flat for Rent in Kundalahalli, Brookefield, Bangalore",Kundalahalli,Bangalore,1647.0,3,3,2,Semi-Furnished,28.0,46000.0
4 BHK House for Rent in Banashankari Bangalore,Banashankari,Bangalore,3500.0,4,4,0,Semi-Furnished,23.0,80000.0
"4 BHK Flat for Rent in Whitefield, Bangalore",Whitefield,Bangalore,2555.0,4,5,2,Unfurnished,41.0,110000.0
1 BHK House for Rent in Konanakunte Bangalore,Konanakunte,Bangalore,600.0,1,1,0,Semi-Furnished,25.0,15000.0
"3 BHK Flat for Rent in Manorayana Palya, Bangalore",Manorayana Palya,Bangalore,1370.0,3,2,0,Furnished,16.0,22000.0
1 BHK House for Rent in Ramamurthy Nagar Bangalore,Ramamurthy Nagar,Bangalore,400.0,1,1,0,Furnished,10.0,4000.0
2 BHK House for Rent in Tindlu Bangalore,Thindlu,Bangalore,680.0,2,2,0,Semi-Furnished,22.0,15000.0
"1 BHK Flat for Rent in Sector 2 HSR Layout, Bangalore",Sector 2 HSR Layout,Bangalore,650.0,1,1,0,Unfurnished,40.0,26000.0
2 BHK House for Rent in Basaveshwar Nagar Bangalore,Basaveshwar Nagar,Bangalore,1350.0,2,2,0,Unfurnished,19.0,26000.0
2 BHK House for Rent in Kammasandra Electronic City Bangalore,Kammasandra,Bangalore,600.0,2,1,0,Semi-Furnished,13.0,8000.0
2 BHK House for Rent in Mahadevapura Bangalore,Mahadevapura,Bangalore,800.0,2,2,0,Semi-Furnished,31.0,25000.0
"2 BHK Flat for Rent in Ramamurthy Nagar, Bangalore",Ramamurthy Nagar,Bangalore,850.0,2,2,0,Furnished,24.0,20000.0
"2 BHK House for Rent in Kadugondanahalli, Kadugondanahalli Bangalore",Kadugondanahalli,Bangalore,600.0,2,1,0,Unfurnished,17.0,10000.0
"4 BHK Flat for Rent in Kariyammana Agrahara, Bellandur, Bangalore",Kariyammana Agrahara,Bangalore,4010.0,4,6,5,Semi-Furnished,38.0,150000.0
"4 BHK Flat for Rent in Kanakapura Road, Bangalore",Kanakapura Road,Bangalore,1900.0,4,5,2,Unfurnished,45.0,85000.0
1 BHK House for Rent in Munnekollal Bangalore,Munnekollal,Bangalore,500.0,1,1,0,Unfurnished,36.0,18000.0
"1 BHK Flat for Rent in Koramangala, Bangalore",Koramangala,Bangalore,475.0,1,1,0,Semi-Furnished,42.0,20000.0
"3 BHK Flat for Rent in Whitefield, Bangalore",Whitefield,Bangalore,1500.0,3,3,2,Furnished,47.0,70000.0
"2 BHK Flat for Rent in Ejipura, Bangalore",Ejipura,Bangalore,1100.0,2,2,0,Furnished,29.0,32000.0
"3 BHK Flat for Rent in Nagasandra, Bangalore",Nagasandra,Bangalore,1187.0,3,3,2,Unfurnished,35.0,42000.0
"2 BHK Flat for Rent in Whitefield, Bangalore",Whitefield,Bangalore,1148.0,2,2,0,Semi-Furnished,314.0,360000.0
2 BHK House for Rent in Horamavu Bangalore,Horamavu,Bangalore,800.0,2,2,0,Semi-Furnished,13.0,10000.0
"3 BHK Flat for Rent in Block 2nd JayaNagar East, Bangalore",Block 2nd JayaNagar East,Bangalore,1650.0,3,3,0,Semi-Furnished,39.0,65000.0
"2 BHK Flat for Rent in Whitefield, Bangalore",Whitefield,Bangalore,1290.0,2,2,0,Semi-Furnished,36.0,46000.0
"2 BHK Flat for Rent in Whitefield, Bangalore",Whitefield,Bangalore,1155.0,2,2,0,Semi-Furnished,36.0,42000.0
2 BHK House for Rent in Medi Agrahara Bangalore,Medi Agrahara,Bangalore,900.0,2,1,0,Semi-Furnished,11.0,10000.0
2 BHK House for Rent in Canara Bank Layout Bangalore,Canara bank Layout,Bangalore,900.0,2,2,0,Semi-Furnished,23.0,20500.0
"2 BHK Flat for Rent in Jalahalli East, Bangalore",Jalahalli East,Bangalore,850.0,2,2,0,Semi-Furnished,24.0,20000.0
"2 BHK Flat for Rent in Ramamurthy Nagar, Bangalore",Ramamurthy Nagar,Bangalore,1100.0,2,2,0,Semi-Furnished,15.0,17000.0
4 BHK Villa for Rent in Block 3rd HBR Layout Bangalore,HBR Layout Block 3,Bangalore,2500.0,4,5,2,Semi-Furnished,24.0,60000.0
"2 BHK Flat for Rent in Mahadevapura, Bangalore",Mahadevapura,Bangalore,1280.0,2,2,2,Semi-Furnished,38.0,48000.0
2 BHK House for Rent in Virupakshapura Bangalore,Virupakshapura,Bangalore,850.0,2,2,0,Semi-Furnished,15.0,13000.0
"2 BHK Flat for Rent in Vasanth Nagar, Bangalore",Vasanth Nagar,Bangalore,1200.0,2,2,2,Unfurnished,50.0,60000.0
"1 BHK Flat for Rent in Panathur, Bangalore",Panathur,Bangalore,645.0,1,1,0,Furnished,53.0,34000.0
2 BHK House for Rent in Raghuvanahalli Bangalore City Municipal Corporation Layout Bangalore,Raghuvanahalli BCMC Layout,Bangalore,1200.0,2,2,2,Semi-Furnished,19.0,23000.0
1 BHK House for Rent in Munnekollal Bangalore,Munnekollal,Bangalore,400.0,1,1,0,Semi-Furnished,35.0,14000.0
"3 BHK Flat for Rent in Sarjapur Road, Bangalore",Sarjapur Road,Bangalore,1300.0,3,2,0,Semi-Furnished,54.0,70000.0
"2 BHK Flat for Rent in Devanahalli, Bangalore",Devanahalli,Bangalore,950.0,2,2,0,Semi-Furnished,21.0,20000.0
4 BHK House for Rent in Pulikeshi Nagar Bangalore,Frazer Town,Bangalore,1800.0,4,4,3,Semi-Furnished,20.0,36000.0
"3 BHK Flat for Rent in Doddaballapur Main Road, Bangalore",Doddaballapur Main Road,Bangalore,1075.0,3,2,0,Semi-Furnished,24.0,26000.0
4 BHK Villa for Rent in Sarjapura Bangalore,Sarjapur,Bangalore,1957.0,4,3,0,Semi-Furnished,15.0,30000.0
"2 BHK Flat for Rent in Nelamangala Town, Bangalore",NelaMangala,Bangalore,810.0,2,2,2,Semi-Furnished,10.0,8000.0
2 BHK House for Rent in Mullur Bangalore,Mullur,Bangalore,1000.0,2,2,0,Semi-Furnished,25.0,25000.0
"1 BHK Flat for Rent in Chinnapanna Halli, Bangalore",Chinnapanna Halli,Bangalore,500.0,1,1,0,Semi-Furnished,32.0,16000.0
2 BHK House for Rent in Margondanahalli Bangalore,Margondanahalli,Bangalore,800.0,2,2,2,Semi-Furnished,10.0,8000.0
"1 BHK Flat for Rent in Marathahalli, Bangalore",Marathahalli,Bangalore,450.0,1,1,0,Unfurnished,31.0,14000.0
"4 BHK Flat for Rent in Phase 1st JP Nagar, Bangalore",Phase 1st JP Nagar,Bangalore,2500.0,4,4,3,Furnished,80.0,200000.0
"2 BHK House for Rent in Munikalappa Layout, Jalahalli East Bangalore",Munikalappa Layout,Bangalore,900.0,2,2,0,Semi-Furnished,27.0,24000.0
4 BHK Villa for Rent in Gunjur Bangalore,Gunjur,Bangalore,4000.0,4,5,0,Semi-Furnished,62.0,250000.0
"3 BHK Flat for Rent in Panathur, Bangalore",Panathur,Bangalore,1515.0,3,2,2,Unfurnished,43.0,65000.0
"1 BHK Flat for Rent in Phase 7 JP Nagar, Bangalore",Phase 7 JP Nagar,Bangalore,575.0,1,1,0,Semi-Furnished,24.0,14000.0
"2 BHK Flat for Rent in Thanisandra, Bangalore",Thanisandra,Bangalore,720.0,2,2,3,Unfurnished,47.0,33900.0
2 BHK House for Rent in Old Madras Road Bangalore,Old Madras Road,Bangalore,1350.0,2,2,0,Furnished,26.0,34900.0
"2 BHK Flat for Rent in CV Raman Nagar, Bangalore",C V Raman Nagar,Bangalore,750.0,2,3,0,Furnished,48.0,36000.0
"2 BHK Flat for Rent in Sector 3 HSR Layout, Bangalore",Sector 3 HSR Layout,Bangalore,750.0,2,2,0,Semi-Furnished,35.0,26000.0
"4 BHK Flat for Rent in Malleshwaram, Bangalore",Malleshwaram,Bangalore,2500.0,4,5,0,Furnished,70.0,180000.0
4 BHK House for Rent in Babusabpalya Bangalore,Babusahib Palya,Bangalore,1200.0,4,3,0,Semi-Furnished,38.0,45000.0
"2 BHK Flat for Rent in J P Nagar, Bangalore",JP Nagar,Bangalore,950.0,2,2,2,Unfurnished,23.0,22000.0
"2 BHK House for Rent in Old Guddadahalli, Guddadahalli Bangalore",Old Guddadahalli,Bangalore,800.0,2,2,0,Unfurnished,8.0,6000.0
1 BHK House for Rent in Halasuru Bangalore,Halasuru,Bangalore,300.0,1,1,0,Semi-Furnished,67.0,20000.0
"3 BHK Flat for Rent in Bagalur Main Road, Bangalore",Bagalur Main Road,Bangalore,1431.0,3,3,2,Furnished,30.0,43000.0
"4 BHK Flat for Rent in Stage 1 BTM Layout, Bangalore",BTM Layout Stage 1,Bangalore,3300.0,4,4,3,Furnished,29.0,95000.0
2 BHK House for Rent in Mathrushree Layout Doddamuniswamy Reddy Layout Bangalore,Mathrushree Layout Doddamuniswamy Reddy Layout,Bangalore,600.0,2,2,0,Semi-Furnished,25.0,15000.0
"3 BHK Flat for Rent in Whitefield, Bangalore",Whitefield,Bangalore,1628.0,3,3,3,Semi-Furnished,31.0,50000.0
"1 BHK Flat for Rent in Whitefield, Bangalore",Whitefield,Bangalore,600.0,1,1,0,Semi-Furnished,20.0,12000.0
2 BHK House for Rent in Medahalli Bangalore,MedaHalli,Bangalore,800.0,2,1,0,Unfurnished,8.0,6500.0
"2 BHK Flat for Rent in Old Madras Road, Bangalore",Old Madras Road,Bangalore,850.0,2,2,2,Furnished,41.0,35000.0
2 BHK House for Rent in Thurahalli Bangalore,Thurahalli,Bangalore,1750.0,2,3,0,Semi-Furnished,14.0,25000.0
"1 BHK Flat for Rent in Malleshpalya Main Road, Bangalore",Malleshpalya Main Road,Bangalore,1200.0,1,1,0,Semi-Furnished,11.0,13000.0
"2 BHK Flat for Rent in Sarjapura Attibele Road, Bangalore",Sarjapura Attibele Road,Bangalore,1340.0,2,2,0,Unfurnished,17.0,23000.0
4 BHK House for Rent in Yelahanka Bangalore,Yelahanka,Bangalore,3500.0,4,5,0,Furnished,71.0,250000.0
2 BHK House for Rent in Tatanagar Bangalore,Tata Nagar,Bangalore,800.0,2,1,0,Semi-Furnished,24.0,19000.0
"2 BHK Flat for Rent in Thanisandra, Bangalore",Thanisandra,Bangalore,1009.0,2,2,0,Semi-Furnished,35.0,35000.0
"2 BHK Flat for Rent in Sudhama Nagar, Bangalore",Sudhama Nagar,Bangalore,1010.0,2,2,2,Semi-Furnished,38.0,38000.0
"2 BHK Flat for Rent in Hennur Main Road, Bangalore",Hennur Main Road,Bangalore,1359.0,2,2,2,Unfurnished,33.0,45000.0
"2 BHK Flat for Rent in Ramamurthy Nagar, Bangalore",Ramamurthy Nagar,Bangalore,851.0,2,2,0,Semi-Furnished,33.0,28000.0
"3 BHK Flat for Rent in Beml Layout-Brookefield, Brookefield, Bangalore",BEML Layout-Brookefield,Bangalore,1605.0,3,3,3,Semi-Furnished,31.0,50000.0
"2 BHK Flat for Rent in Sarjapur Road, Bangalore",Sarjapur Road,Bangalore,1212.0,2,2,0,Furnished,33.0,40000.0
1 BHK House for Rent in Hennur Bande Road Bangalore,Hennur Bande Road,Bangalore,700.0,1,1,0,Semi-Furnished,19.0,13500.0
1 BHK House for Rent in Annasandrapalya Extension Bangalore,Annasandrapalya Extension,Bangalore,500.0,1,1,0,Semi-Furnished,18.0,9000.0
1 BHK House for Rent in Jigani Bangalore,Jigani,Bangalore,600.0,1,1,0,Unfurnished,8.0,5000.0
"3 BHK Flat for Rent in Whitefield, Bangalore",Whitefield,Bangalore,1290.0,3,2,0,Furnished,48.0,62000.0
"3 BHK Flat for Rent in Yelahanka, Bangalore",Yelahanka,Bangalore,1280.0,3,3,2,Unfurnished,23.0,30000.0
"2 BHK Flat for Rent in Sannatammanahalli, Bangalore",Sannatammanahalli,Bangalore,1400.0,2,2,0,Semi-Furnished,21.0,29950.0
5 BHK Villa for Rent in Old Madras Road Bangalore,Old Madras Road,Bangalore,3900.0,5,5,3,Unfurnished,38.0,150000.0
"4 BHK Flat for Rent in Hebbal, Bangalore",Hebbal,Bangalore,2500.0,4,4,3,Semi-Furnished,40.0,100000.0
2 BHK House for Rent in Munnekollal Bangalore,Munnekollal,Bangalore,750.0,2,1,0,Semi-Furnished,25.0,19000.0
"3 BHK Flat for Rent in RR Nagar, Bangalore",Rajarajeshwari Nagar,Bangalore,1415.0,3,2,2,Unfurnished,14.0,20000.0
"1 BHK Flat for Rent in Whitefield, Bangalore",Whitefield,Bangalore,650.0,1,1,0,Furnished,51.0,33000.0
"3 BHK Flat for Rent in Bellandur, Outer Ring Road, Bangalore",Bellandur,Bangalore,2200.0,3,3,0,Unfurnished,36.0,80000.0
"2 BHK Flat for Rent in Bommasandra Jigani Link Road, Bangalore",Bommasandra Jigani Link Road,Bangalore,830.0,2,2,0,Semi-Furnished,36.0,30000.0
4 BHK Villa for Rent in Varthur Kodi Bangalore,Varthur Kodi,Bangalore,4300.0,4,4,3,Furnished,20.0,85000.0
"2 BHK Flat for Rent in Choodasandra, Bangalore",Choodasandra,Bangalore,1080.0,2,2,0,Semi-Furnished,35.0,38000.0
"3 BHK Flat for Rent in RR Nagar, Bangalore",Rajarajeshwari Nagar,Bangalore,1230.0,3,3,3,Semi-Furnished,45.0,55000.0
"3 BHK Flat for Rent in Sahakar Nagar, Bangalore",Sahakara Nagar,Bangalore,1701.0,3,3,3,Semi-Furnished,26.0,45000.0
"2 BHK Flat for Rent in Gottigere, Bangalore",Gottigere,Bangalore,1200.0,2,2,2,Semi-Furnished,23.0,28000.0
"3 BHK Flat for Rent in Richards Town, Richards Town, Bangalore",Richards Town,Bangalore,1900.0,3,3,3,Unfurnished,58.0,110000.0
"2 BHK House for Rent in Rpc Layout, Vijayanagar, West Of Chord Road Bangalore",RPC Layout,Bangalore,1000.0,2,2,0,Unfurnished,23.0,22500.0
"4 BHK House for Rent in Hoodi, Hoodi Bangalore",Hoodi,Bangalore,1500.0,4,3,4,Semi-Furnished,47.0,70000.0
"2 BHK Flat for Rent in Hennur Main Road, Bangalore",Hennur Main Road,Bangalore,1000.0,2,2,2,Semi-Furnished,35.0,35000.0
4 BHK Villa for Rent in Horamavu Bangalore,Horamavu,Bangalore,3200.0,4,4,2,Semi-Furnished,31.0,100000.0
"3 BHK Flat for Rent in Haralur, Bangalore",Haralur,Bangalore,1640.0,3,3,0,Semi-Furnished,40.0,65000.0
4 BHK House for Rent in Kasavanahalli Bangalore,Kasavanahalli,Bangalore,2500.0,4,5,0,Unfurnished,40.0,100000.0
4 BHK Villa for Rent in Bagalur Sarjapur Road Bangalore,Bagalur Sarjapur Road,Bangalore,2800.0,4,5,2,Semi-Furnished,9.0,26000.0
"1 BHK Flat for Rent in Whitefield, Bangalore",Whitefield,Bangalore,600.0,1,1,0,Semi-Furnished,10.0,6000.0
3 BHK House for Rent in Vijaya Bank Layout Bommanahalli Bangalore,Vijaya Bank Layout Bommanahalli,Bangalore,3200.0,3,3,0,Semi-Furnished,38.0,120000.0
"2 BHK Flat for Rent in Block 1st Koramangala, Bangalore",Block 1st Koramangala,Bangalore,1380.0,2,2,0,Furnished,51.0,70000.0
2 BHK House for Rent in Block 1st Koramangala Bangalore,Block 1st Koramangala,Bangalore,800.0,2,2,0,Unfurnished,31.0,25000.0
"2 BHK Flat for Rent in Manayata Tech Park, Bangalore",Manyata Tech Park,Bangalore,750.0,2,2,0,Semi-Furnished,21.0,15500.0
"2 BHK Flat for Rent in Krishnarajapura, Bangalore",KR Puram,Bangalore,910.0,2,2,0,Semi-Furnished,49.0,45000.0
2 BHK House for Rent in Coffee Board Layout Bangalore,Coffee Board layout,Bangalore,1100.0,2,2,2,Semi-Furnished,13.0,14000.0
"3 BHK Flat for Rent in Bagalur Main Road, Bangalore",Bagalur Main Road,Bangalore,1431.0,3,3,0,Unfurnished,24.0,35000.0
"3 BHK Flat for Rent in Atmananda Colony, Hebbal, Bangalore",Atmananda Colony,Bangalore,1460.0,3,3,3,Unfurnished,21.0,30000.0
2 BHK House for Rent in Hoskote Bangalore,Hoskote,Bangalore,1200.0,2,2,0,Unfurnished,17.0,20000.0
1 BHK House for Rent in Doddanagamangala Village Bangalore,Doddanagamangala,Bangalore,800.0,1,1,0,Semi-Furnished,11.0,9000.0
1 BHK House for Rent in Nayanda Halli Bangalore,Nayandahalli,Bangalore,800.0,1,1,0,Semi-Furnished,8.0,6000.0
"3 BHK Flat for Rent in Maithri Layout, Bangalore",Maithri Layout,Bangalore,1100.0,3,2,2,Semi-Furnished,27.0,30000.0
1 BHK House for Rent in Matadahalli Bangalore,Matadahalli,Bangalore,300.0,1,1,0,Semi-Furnished,22.0,6500.0
"2 BHK Flat for Rent in Hebbal Kempapura, Bangalore",Hebbal Kempapura,Bangalore,1200.0,2,2,0,Semi-Furnished,24.0,29000.0
"3 BHK Flat for Rent in Sarjapura, Bangalore",Sarjapur,Bangalore,1800.0,3,3,3,Semi-Furnished,36.0,65000.0
2 BHK House for Rent in Balagere Bangalore,Balagere,Bangalore,900.0,2,2,0,Furnished,28.0,25000.0
"1 BHK Flat for Rent in Stage 2nd BTM Layout, Bangalore",BTM Layout Stage 2,Bangalore,400.0,1,1,0,Semi-Furnished,33.0,13100.0
"3 BHK Flat for Rent in Hulimavu, Bangalore",Hulimavu,Bangalore,1542.0,3,3,0,Furnished,27.0,42000.0
"3 BHK Flat for Rent in Indiranagar, Bangalore",Indira Nagar,Bangalore,2300.0,3,3,2,Semi-Furnished,57.0,130000.0
"1 BHK House for Rent in Thyagaraja Nagar, Basavanagudi Bangalore",Thyagaraja Nagar,Bangalore,200.0,1,1,0,Semi-Furnished,35.0,7000.0
"3 BHK Flat for Rent in Whitefield, Bangalore",Whitefield,Bangalore,2280.0,3,3,3,Semi-Furnished,43.0,98000.0
1 BHK House for Rent in Bommanahalli Bangalore,Bommanahalli,Bangalore,350.0,1,1,0,Semi-Furnished,34.0,12000.0
"4 BHK Flat for Rent in Whitefield, Bangalore",Whitefield,Bangalore,5100.0,4,7,2,Semi-Furnished,74.0,380000.0
"3 BHK Flat for Rent in Richmond Road, Bangalore",Richmond Road,Bangalore,1900.0,3,3,3,Semi-Furnished,79.0,150000.0
"2 BHK Flat for Rent in Varthur, Bangalore",Varthur,Bangalore,900.0,2,1,0,Furnished,19.0,17000.0
"3 BHK Flat for Rent in Stage 3rd Banashankari, Bangalore",Banashankari Stage 3,Bangalore,1400.0,3,2,0,Semi-Furnished,24.0,33000.0
"3 BHK Flat for Rent in Doddakallasandra, Konanakunte, Bangalore",Doddakallasandra,Bangalore,1480.0,3,3,0,Semi-Furnished,33.0,49000.0
"2 BHK Flat for Rent in Chandapura, Bangalore",Chandapura,Bangalore,800.0,2,1,0,Furnished,13.0,10500.0
1 BHK House for Rent in Basaveshwar Nagar Bangalore,Basaveshwar Nagar,Bangalore,700.0,1,1,0,Semi-Furnished,17.0,12000.0
2 BHK House for Rent in Mullur Bangalore,Mullur,Bangalore,1000.0,2,2,2,Semi-Furnished,28.0,28000.0
"4 BHK Flat for Rent in Thanisandra Main Road, Bangalore",Thanisandra Main Road,Bangalore,3200.0,4,4,2,Semi-Furnished,41.0,130000.0
"1 BHK Flat for Rent in Stage 6th Banashankari, Bangalore",Banashankari stage 6,Bangalore,370.0,1,1,0,Semi-Furnished,68.0,25000.0
"3 BHK Flat for Rent in Sarjapur Road, Bangalore",Sarjapur Road,Bangalore,1500.0,3,3,0,Semi-Furnished,31.0,47000.0
"2 BHK Flat for Rent in Chandapura, Bangalore",Chandapura,Bangalore,977.0,2,2,0,Unfurnished,26.0,25000.0
2 BHK House for Rent in Silver County Road Bangalore,Silver County Road,Bangalore,900.0,2,1,0,Semi-Furnished,17.0,15000.0
"3 BHK Flat for Rent in Hanumanthappa Layout Sivanchetti Gardens, Bangalore",Hanumanthappa Layout Sivanchetti Gardens,Bangalore,1950.0,3,3,3,Semi-Furnished,77.0,150000.0
"2 BHK Flat for Rent in Hbr Layout, Bangalore",HBR Layout,Bangalore,900.0,2,2,0,Unfurnished,33.0,30000.0
3 BHK Villa for Rent in Whitefield Bangalore,Whitefield,Bangalore,3014.0,3,4,0,Semi-Furnished,25.0,75000.0
4 BHK House for Rent in Sahakar Nagar Bangalore,Sahakara Nagar,Bangalore,2200.0,4,3,0,Semi-Furnished,30.0,65000.0
2 BHK House for Rent in Nagavara Bangalore,Nagavara,Bangalore,600.0,2,1,0,Semi-Furnished,14.0,8500.0
3 BHK Villa for Rent in Whitefield Bangalore,Whitefield,Bangalore,1435.0,3,3,2,Semi-Furnished,70.0,100000.0
4 BHK Villa for Rent in Indiranagar Bangalore,Indira Nagar,Bangalore,4659.0,4,4,3,Semi-Furnished,64.0,300000.0
"4 BHK Flat for Rent in Haralur, Bangalore",Haralur,Bangalore,2300.0,4,3,2,Furnished,35.0,80000.0
"3 BHK Flat for Rent in Yelahanka, Bangalore",Yelahanka,Bangalore,1550.0,3,3,2,Unfurnished,40.0,61500.0
3 BHK House for Rent in Kada Agrahara Bangalore,Kada Agrahara,Bangalore,951.0,3,2,0,Semi-Furnished,21.0,20000.0
"2 BHK Flat for Rent in Mahadevapura, Bangalore",Mahadevapura,Bangalore,1000.0,2,2,0,Unfurnished,42.0,42000.0
1 BHK House for Rent in RT Nagar Bangalore,RT Nagar,Bangalore,280.0,1,1,0,Furnished,43.0,12000.0
1 BHK House for Rent in Block D AECS Layout Bangalore,AECS Layout Block D,Bangalore,500.0,1,1,0,Semi-Furnished,40.0,20000.0
2 BHK House for Rent in Hebbal Kempapura Bangalore,Hebbal Kempapura,Bangalore,1800.0,2,3,2,Semi-Furnished,14.0,26000.0
1 BHK House for Rent in Jigani Bangalore,Jigani,Bangalore,500.0,1,1,0,Semi-Furnished,18.0,9000.0
"3 BHK House for Rent in Kothnoor Dinne, JP Nagar Phase 8 Bangalore",Kothnoor Dinne,Bangalore,1200.0,3,2,0,Semi-Furnished,29.0,35000.0
"2 BHK Flat for Rent in Jalahalli, Jalahalli, Outer Ring Road, Bangalore",Jalahalli,Bangalore,1268.0,2,2,0,Semi-Furnished,28.0,35000.0
2 BHK House for Rent in Malleshwaram Bangalore,Malleshwaram,Bangalore,1100.0,2,1,0,Unfurnished,11.0,12000.0
"2 BHK Flat for Rent in Krishnarajapura, Bangalore",KR Puram,Bangalore,665.0,2,2,0,Semi-Furnished,23.0,15000.0
"3 BHK Flat for Rent in Bannerghatta Main Road, Bangalore",Bannerghatta Road,Bangalore,2251.0,3,3,2,Unfurnished,38.0,85000.0
"2 BHK Flat for Rent in Marathahalli, Bangalore",Marathahalli,Bangalore,1250.0,2,2,2,Unfurnished,35.0,44000.0
"2 BHK Flat for Rent in Neeladri Nagar, Bangalore",Neeladri Nagar,Bangalore,900.0,2,2,3,Semi-Furnished,38.0,34000.0
"3 BHK Flat for Rent in Whitefield, Bangalore",Whitefield,Bangalore,1970.0,3,3,2,Unfurnished,25.0,50000.0
4 BHK House for Rent in Horamavu Bangalore,Horamavu,Bangalore,3000.0,4,3,2,Semi-Furnished,15.0,45000.0
"1 BHK Flat for Rent in Devarabisanahalli, Bangalore",Devarabisanahalli,Bangalore,729.0,1,1,0,Semi-Furnished,30.0,22000.0
"3 BHK Flat for Rent in Old Madras Road, Bangalore",Old Madras Road,Bangalore,1500.0,3,3,2,Semi-Furnished,35.0,52000.0
"3 BHK Flat for Rent in Hebbal, Bangalore",Hebbal,Bangalore,1227.0,3,2,0,Furnished,36.0,44000.0
"2 BHK Flat for Rent in Sanjayanagara, Bangalore",Sanjayanagara,Bangalore,560.0,2,3,0,Unfurnished,134.0,75000.0
"2 BHK Flat for Rent in Jakkur, Bangalore",Jakkur,Bangalore,690.0,2,2,0,Semi-Furnished,37.0,25500.0
"2 BHK Flat for Rent in Dollars Colony Stage 2nd RMV, Bangalore",Dollars Colony,Bangalore,1576.0,2,2,2,Semi-Furnished,57.0,90000.0
"2 BHK Flat for Rent in Manayata Tech Park, Bangalore",Manyata Tech Park,Bangalore,876.0,2,2,0,Furnished,48.0,42000.0
"3 BHK Flat for Rent in Jakkur, Bangalore",Jakkur,Bangalore,1500.0,3,3,0,Unfurnished,48.0,72000.0
"1 BHK House for Rent in Lingarajapuram, Lingarajapuram, Hennur Main Road Bangalore",Lingarajapuram,Bangalore,850.0,1,2,0,Semi-Furnished,15.0,13000.0
"3 BHK Flat for Rent in Old Madras Road, Bangalore",Old Madras Road,Bangalore,1533.0,3,3,0,Semi-Furnished,30.0,46000.0
"3 BHK Flat for Rent in Doddaballapur Main Road, Bangalore",Doddaballapur Main Road,Bangalore,1075.0,3,2,0,Semi-Furnished,14.0,15000.0
1 BHK House for Rent in Kadugodi Bangalore,Kadugodi,Bangalore,600.0,1,1,0,Unfurnished,13.0,8000.0
2 BHK House for Rent in Electronic City Bangalore,Electronic City,Bangalore,1000.0,2,2,0,Semi-Furnished,14.0,14000.0
2 BHK House for Rent in Choodasandra Bangalore,Choodasandra,Bangalore,950.0,2,2,0,Semi-Furnished,17.0,16000.0
"1 BHK House for Rent in Yelachenahalli, Kumaraswamy Layout, Kanakapura Road Bangalore",Yelachenahalli,Bangalore,750.0,1,1,0,Semi-Furnished,15.0,11000.0
"2 BHK Flat for Rent in Attibele, Bangalore",Attibele,Bangalore,858.0,2,2,0,Semi-Furnished,35.0,30000.0
"3 BHK Flat for Rent in Kodihalli, Bangalore",Kodihalli,Bangalore,1600.0,3,2,2,Unfurnished,53.0,85000.0
2 BHK House for Rent in Vijayapura Town Bangalore,Vijayapura Town,Bangalore,1000.0,2,2,0,Semi-Furnished,13.0,13000.0
"1 BHK Flat for Rent in Bhavani Nagar SG Palya, Bangalore",Bhavani Nagar,Bangalore,600.0,1,1,0,Furnished,45.0,26999.0
2 BHK House for Rent in Yelahanka New Town Bangalore,Yelahanka New Town,Bangalore,950.0,2,2,0,Semi-Furnished,17.0,16000.0
"3 BHK Flat for Rent in Kasavanahalli, Bangalore",Kasavanahalli,Bangalore,1200.0,3,3,2,Furnished,58.0,70000.0
"3 BHK Flat for Rent in Kalena Agrahara, Bangalore",Kalena Agrahara,Bangalore,1760.0,3,3,5,Semi-Furnished,28.0,50000.0
"3 BHK Flat for Rent in Doddakannelli, Bangalore",Doddakannelli,Bangalore,1400.0,3,2,2,Semi-Furnished,39.0,55000.0
"3 BHK Flat for Rent in Gunjur, Bangalore",Gunjur,Bangalore,1400.0,3,3,2,Unfurnished,44.0,62000.0
"3 BHK Flat for Rent in Thanisandra Main Road, Bangalore",Thanisandra Main Road,Bangalore,2900.0,3,4,0,Semi-Furnished,103.0,300000.0
3 BHK Villa for Rent in Yelahanka New Town Bangalore,Yelahanka New Town,Bangalore,1500.0,3,2,0,Furnished,13.0,20000.0
5 BHK Villa for Rent in Hennur Gardens Bangalore,Hennur,Bangalore,3500.0,5,5,3,Furnished,31.0,110000.0
5 BHK House for Rent in Kasturi Nagar Bangalore,Kasturi Nagar,Bangalore,5500.0,5,4,3,Semi-Furnished,27.0,150000.0
1 BHK House for Rent in Pillaganahalli Bangalore,Pillaganahalli,Bangalore,600.0,1,1,0,Unfurnished,13.0,8000.0
1 BHK House for Rent in Manjunatha Layout Munnekollal Bangalore,Manjunatha Layout Munnekollal,Bangalore,600.0,1,1,0,Semi-Furnished,22.0,13000.0
"2 BHK Flat for Rent in SG Palya, Bangalore",SG Palya,Bangalore,750.0,2,2,0,Unfurnished,28.0,21000.0
2 BHK Villa for Rent in Konena Agrahara Murgesh Pallya Bangalore,Konena Agrahara Murgesh Pallya,Bangalore,650.0,2,3,0,Semi-Furnished,46.0,30000.0
4 BHK Villa for Rent in Doddakannelli Bangalore,Doddakannelli,Bangalore,2620.0,4,4,3,Semi-Furnished,46.0,120000.0
"3 BHK Flat for Rent in Sarjapur Road, Bangalore",Sarjapur Road,Bangalore,1400.0,3,3,0,Furnished,54.0,75000.0
"3 BHK Flat for Rent in Sarjapur Road, Bangalore",Sarjapur Road,Bangalore,1200.0,3,2,0,Semi-Furnished,38.0,45000.0
"2 BHK Flat for Rent in Block 2nd Koramangala, Bangalore",Block 2nd Koramangala,Bangalore,1500.0,2,1,2,Semi-Furnished,33.0,50000.0
2 BHK House for Rent in Stage 5th RR Nagar Bangalore,Rajarajeshwari Nagar Stage 5,Bangalore,800.0,2,3,0,Unfurnished,25.0,20000.0
2 BHK House for Rent in Doddaballapur Main Road Bangalore,Doddaballapur Main Road,Bangalore,900.0,2,1,0,Semi-Furnished,12.0,10500.0
"4 BHK House for Rent in Judicial Layout, Yelahanka Bangalore",Judicial Layout,Bangalore,4600.0,4,4,4,Semi-Furnished,22.0,99000.0
1 BHK House for Rent in RMV Extension Stage 2nd RMV Bangalore,RMV Extension,Bangalore,1000.0,1,1,0,Furnished,20.0,20000.0
"3 BHK Flat for Rent in Tumkur Road, Bangalore",Tumkur Road,Bangalore,1300.0,3,2,0,Semi-Furnished,32.0,41000.0
"3 BHK Flat for Rent in Kenchenhalli, Bangalore",Kenchenhalli,Bangalore,1500.0,3,2,0,Semi-Furnished,20.0,30000.0
1 BHK House for Rent in Ittamadu Main Road Bangalore,Ittamadu Main Road,Bangalore,600.0,1,1,0,Semi-Furnished,16.0,9500.0
"2 BHK Flat for Rent in Sarjapura, Bangalore",Sarjapur,Bangalore,1000.0,2,2,0,Semi-Furnished,50.0,50000.0
"3 BHK Flat for Rent in CV Raman Nagar, Bangalore",C V Raman Nagar,Bangalore,1659.0,3,3,0,Semi-Furnished,45.0,75000.0
"2 BHK Flat for Rent in Bellandur, Outer Ring Road, Bangalore",Bellandur,Bangalore,1000.0,2,2,2,Semi-Furnished,45.0,45000.0
1 BHK House for Rent in Borewell Road Bangalore,Borewell Road,Bangalore,400.0,1,1,0,Furnished,48.0,19000.0
"2 BHK Flat for Rent in Stage 1 BTM Layout, Bangalore",BTM Layout Stage 1,Bangalore,1000.0,2,2,0,Semi-Furnished,18.0,18000.0
"2 BHK Flat for Rent in Cooke Town, Cooke Town, Bangalore",Cooke Town,Bangalore,1000.0,2,2,0,Semi-Furnished,43.0,42500.0
"3 BHK Flat for Rent in Hosur Road, Bangalore",Hosur Road,Bangalore,1890.0,3,3,2,Furnished,53.0,100000.0
"4 BHK Flat for Rent in Sarjapur Road, Bangalore",Sarjapur Road,Bangalore,2452.0,4,5,3,Furnished,47.0,120000.0
"3 BHK Flat for Rent in Sarjapura Attibele Road, Bangalore",Sarjapura Attibele Road,Bangalore,1320.0,3,2,2,Semi-Furnished,20.0,27000.0
3 BHK House for Rent in Nyanapanahalli Bangalore,Nyanapanahalli,Bangalore,1350.0,3,3,0,Semi-Furnished,17.0,23000.0
"3 BHK Flat for Rent in Elus Road, Bangalore",Elus Road,Bangalore,1485.0,3,3,2,Semi-Furnished,39.0,58000.0
"2 BHK Flat for Rent in Hsr Layout, Bangalore",HSR Layout,Bangalore,1100.0,2,2,2,Semi-Furnished,39.0,42500.0
"3 BHK Flat for Rent in Yelahanka, Bangalore",Yelahanka,Bangalore,1910.0,3,3,0,Semi-Furnished,37.0,70000.0
"1 BHK Flat for Rent in Phase 2 Electronic City, Bangalore",Electronic City Phase 2,Bangalore,615.0,1,1,0,Semi-Furnished,46.0,28000.0
"4 BHK Villa for Rent in Ombr Layout, Banaswadi Bangalore",OMBR Layout,Bangalore,4300.0,4,4,3,Semi-Furnished,29.0,130000.0
"3 BHK Flat for Rent in Hebbal, Bangalore",Hebbal,Bangalore,1855.0,3,3,3,Semi-Furnished,25.0,47000.0
"3 BHK Flat for Rent in Brookefield, Bangalore",Brookefield,Bangalore,1700.0,3,3,3,Semi-Furnished,41.0,70000.0
3 BHK Villa for Rent in Seegehalli Bangalore,Seegehalli,Bangalore,2000.0,3,4,0,Semi-Furnished,38.0,75000.0
4 BHK Villa for Rent in Whitefield Bangalore,Whitefield,Bangalore,4003.0,4,5,2,Semi-Furnished,60.0,240000.0
3 BHK House for Rent in Sarjapur Road Bangalore,Sarjapur Road,Bangalore,2000.0,3,3,4,Furnished,38.0,75000.0
5 BHK Villa for Rent in Sarjapura Bangalore,Sarjapur,Bangalore,5400.0,5,5,2,Furnished,14.0,75000.0
"3 BHK Flat for Rent in Rajajinagar, Bangalore",Rajaji Nagar,Bangalore,1500.0,3,3,3,Furnished,67.0,100000.0
4 BHK Villa for Rent in Electronic City Bangalore,Electronic City,Bangalore,3450.0,4,4,3,Semi-Furnished,29.0,100000.0
"3 BHK Flat for Rent in Block 4 Koramangala, Bangalore",Koramangala Block 4,Bangalore,1800.0,3,3,0,Semi-Furnished,50.0,90000.0
1 BHK House for Rent in Sarjapur Road Bangalore,Sarjapur Road,Bangalore,400.0,1,1,0,Unfurnished,18.0,7000.0
4 BHK Villa for Rent in Tumkur Road Bangalore,Tumkur Road,Bangalore,2674.0,4,4,3,Unfurnished,34.0,90000.0
"3 BHK Flat for Rent in Jakkur Plantation, Bangalore",jakkur Plantation,Bangalore,1717.0,3,3,0,Semi-Furnished,23.0,40000.0
4 BHK Villa for Rent in Whitefield Bangalore,Whitefield,Bangalore,2800.0,4,4,2,Semi-Furnished,27.0,75000.0
"3 BHK Flat for Rent in Hennur Main Road, Bangalore",Hennur Main Road,Bangalore,1740.0,3,3,0,Furnished,34.0,60000.0
3 BHK House for Rent in Kogilu Bangalore,Kogilu,Bangalore,1300.0,3,2,0,Semi-Furnished,23.0,30000.0
"2 BHK Flat for Rent in Kadubeesanahalli, Bangalore",Kadubeesanahalli,Bangalore,1100.0,2,2,0,Unfurnished,34.0,37000.0
2 BHK House for Rent in Hennur Main Road Bangalore,Hennur Main Road,Bangalore,850.0,2,2,2,Semi-Furnished,14.0,12000.0
"3 BHK Flat for Rent in Whitefield, Bangalore",Whitefield,Bangalore,1400.0,3,3,2,Furnished,43.0,60000.0
1 BHK House for Rent in Sarjapura Bangalore,Sarjapur,Bangalore,300.0,1,1,0,Semi-Furnished,20.0,6000.0
"1 BHK Flat for Rent in Malleshwaram, Bangalore",Malleshwaram,Bangalore,800.0,1,1,0,Semi-Furnished,31.0,25000.0
"3 BHK Flat for Rent in Hebbal, Bangalore",Hebbal,Bangalore,2200.0,3,4,2,Semi-Furnished,86.0,190000.0
1 BHK House for Rent in Konena Agrahara Murgesh Pallya Bangalore,Konena Agrahara Murgesh Pallya,Bangalore,450.0,1,1,0,Semi-Furnished,22.0,10000.0
2 BHK House for Rent in Chikkabanavara Bangalore,Chikkabanavara,Bangalore,400.0,2,1,0,Unfurnished,19.0,7500.0
"2 BHK Flat for Rent in Halasuru, Bangalore",Halasuru,Bangalore,1000.0,2,2,0,Semi-Furnished,26.0,26000.0
2 BHK House for Rent in RT Nagar Bangalore,RT Nagar,Bangalore,1000.0,2,2,0,Semi-Furnished,22.0,22000.0
2 BHK House for Rent in Yelahanka Bangalore,Yelahanka,Bangalore,1200.0,2,2,0,Unfurnished,13.0,16000.0
"2 BHK Flat for Rent in Sanjayanagara, Bangalore",Sanjayanagara,Bangalore,1195.0,2,2,0,Unfurnished,84.0,100000.0
1 BHK House for Rent in Rayasandra Bangalore,Rayasandra,Bangalore,400.0,1,1,0,Unfurnished,13.0,5300.0
"3 BHK Flat for Rent in Sarjapur Road, Bangalore",Sarjapur Road,Bangalore,1650.0,3,3,3,Semi-Furnished,41.0,67000.0
"2 BHK Flat for Rent in Bagalur Main Road, Bangalore",Bagalur Main Road,Bangalore,999.0,2,2,2,Furnished,35.0,35000.0
"3 BHK Flat for Rent in Block 4th Jayanagar, Bangalore",Block 4th Jayanagar,Bangalore,1800.0,3,3,2,Furnished,39.0,70000.0
1 BHK House for Rent in Parappana Agrahara Bangalore,Parappana Agrahara,Bangalore,600.0,1,1,0,Furnished,23.0,14000.0
"2 BHK Flat for Rent in Bannerghatta Main Road, Bangalore",Bannerghatta Road,Bangalore,1100.0,2,2,0,Semi-Furnished,59.0,65000.0
3 BHK House for Rent in Horamavu Bangalore,Horamavu,Bangalore,3544.0,3,5,0,Semi-Furnished,28.0,100000.0
"3 BHK Flat for Rent in Electronic City, Bangalore",Electronic City,Bangalore,1250.0,3,3,2,Semi-Furnished,46.0,58000.0
"2 BHK House for Rent in Akshya Nagar, Ramamurthi Nagar Bangalore",Akshya Nagar,Bangalore,1100.0,2,2,0,Unfurnished,20.0,22000.0
"3 BHK Flat for Rent in Stage 2nd BTM Layout, Bangalore",BTM Layout Stage 2,Bangalore,2000.0,3,2,0,Furnished,50.0,100000.0
"3 BHK Flat for Rent in Hebbal, Bangalore",Hebbal,Bangalore,1490.0,3,3,2,Semi-Furnished,39.0,58000.0
"3 BHK Flat for Rent in Whitefield, Bangalore",Whitefield,Bangalore,2000.0,3,3,0,Semi-Furnished,75.0,150000.0
"3 BHK Flat for Rent in Chandapura, Bangalore",Chandapura,Bangalore,1162.0,3,2,0,Semi-Furnished,30.0,35000.0
4 BHK Villa for Rent in Horamavu Bangalore,Horamavu,Bangalore,4300.0,4,4,5,Semi-Furnished,41.0,180000.0
"4 BHK Flat for Rent in Banashankari, Bangalore",Banashankari,Bangalore,2403.0,4,4,0,Unfurnished,37.0,90000.0
3 BHK House for Rent in Kasavanahalli Bangalore,Kasavanahalli,Bangalore,1300.0,3,2,2,Semi-Furnished,14.0,18000.0
"2 BHK Flat for Rent in Phase 7 JP Nagar, Bangalore",Phase 7 JP Nagar,Bangalore,1100.0,2,2,2,Furnished,27.0,30000.0
"2 BHK Flat for Rent in Junnasandra, Bangalore",Junnasandra,Bangalore,1000.0,2,2,2,Semi-Furnished,35.0,35000.0
"3 BHK Flat for Rent in Thanisandra Main Road, Bangalore",Thanisandra Main Road,Bangalore,1750.0,3,3,0,Unfurnished,19.0,33000.0
5 BHK House for Rent in Hebbal Kempapura Bangalore,Hebbal Kempapura,Bangalore,2400.0,5,4,2,Semi-Furnished,19.0,45000.0
"2 BHK Flat for Rent in Byrappa Layout RMV, Bangalore",Byrappa Layout RMV 2nd Stage,Bangalore,1200.0,2,2,0,Semi-Furnished,17.0,20000.0
"3 BHK Flat for Rent in Rajajinagar, Bangalore",Rajaji Nagar,Bangalore,1400.0,3,3,2,Semi-Furnished,93.0,130000.0
"3 BHK Flat for Rent in Haralur Main Road, Bangalore",Haralur Main Road,Bangalore,1549.0,3,3,2,Semi-Furnished,43.0,67000.0
"1 BHK House for Rent in Kalappa Layout, Kartik Nagar Bangalore",Kalappa Layout,Bangalore,300.0,1,1,0,Unfurnished,18.0,5500.0
"1 BHK Flat for Rent in Stage 1 BTM Layout, Bangalore",BTM Layout Stage 1,Bangalore,530.0,1,1,0,Furnished,57.0,30000.0
"2 BHK Flat for Rent in Block 1st HRBR Layout, Bangalore",HRBR Layout Block 1,Bangalore,1100.0,2,2,2,Semi-Furnished,32.0,35000.0
"3 BHK Flat for Rent in Sarjapur Road, Bangalore",Sarjapur Road,Bangalore,1400.0,3,2,0,Semi-Furnished,21.0,30000.0
"3 BHK Flat for Rent in Yelahanka, Bangalore",Yelahanka,Bangalore,1400.0,3,3,2,Semi-Furnished,36.0,50000.0
3 BHK Villa for Rent in Kithaganur Main Road Bangalore,Kithaganur Main Road,Bangalore,2000.0,3,3,0,Furnished,18.0,35000.0
1 BHK House for Rent in Btm Layout Bangalore,BTM Layout,Bangalore,500.0,1,1,0,Unfurnished,30.0,15000.0
"3 BHK Flat for Rent in Richmond Town, Richmond Town, Bangalore",Richmond Town,Bangalore,2000.0,3,3,2,Unfurnished,55.0,110000.0
"1 BHK Flat for Rent in Kadugodi, Bangalore",Kadugodi,Bangalore,1200.0,1,1,0,Semi-Furnished,12.0,15000.0
"4 BHK Flat for Rent in Nagavara, Bangalore",Nagavara,Bangalore,2900.0,4,5,4,Semi-Furnished,31.0,90000.0
4 BHK Villa for Rent in Kannamangala Bangalore,Kannamangala,Bangalore,3000.0,4,5,0,Unfurnished,50.0,150000.0
"3 BHK Flat for Rent in Banashankari, Bangalore",Banashankari,Bangalore,2522.0,3,3,0,Unfurnished,31.0,79000.0
"2 BHK Flat for Rent in Gottigere, Bangalore",Gottigere,Bangalore,1073.0,2,2,3,Semi-Furnished,14.0,15000.0
"2 BHK House for Rent in Dooravani Nagar, Dooravani Nagar Bangalore",Dooravani Nagar,Bangalore,1000.0,2,2,0,Unfurnished,10.0,10000.0
"2 BHK Flat for Rent in Malleshpalya, Kaggadasapura, Bangalore",Malleshpalya,Bangalore,1200.0,2,2,2,Semi-Furnished,11.0,13000.0
"3 BHK Flat for Rent in Block 4 Koramangala, Bangalore",Koramangala Block 4,Bangalore,1800.0,3,3,2,Semi-Furnished,67.0,120000.0
"2 BHK Flat for Rent in Whitefield, Bangalore",Whitefield,Bangalore,1020.0,2,2,2,Semi-Furnished,31.0,32000.0
2 BHK House for Rent in Seegehalli Kannamangala Road Bangalore,Seegehalli Kannamangala Road,Bangalore,1270.0,2,1,0,Unfurnished,17.0,22000.0
3 BHK House for Rent in RT Nagar Bangalore,RT Nagar,Bangalore,1500.0,3,3,3,Semi-Furnished,50.0,75000.0
1 BHK House for Rent in Budigere Road Bangalore,Budigere Road,Bangalore,800.0,1,1,0,Semi-Furnished,15.0,12000.0
3 BHK Villa for Rent in Electronic City Bangalore,Electronic City,Bangalore,1200.0,3,3,0,Semi-Furnished,83.0,100000.0
3 BHK House for Rent in Stage 1st Kumaraswamy Layout Bangalore,Stage 1st Kumaraswamy Layout,Bangalore,1500.0,3,4,2,Semi-Furnished,17.0,25000.0
2 BHK House for Rent in Seegehalli Krishnarajapura Bangalore,Seegehalli KR Puram,Bangalore,850.0,2,2,0,Furnished,14.0,12000.0
"2 BHK Flat for Rent in Chandapura, Bangalore",Chandapura,Bangalore,942.0,2,2,0,Furnished,21.0,20000.0
3 BHK House for Rent in Kodipalya Bangalore,Kodipalya,Bangalore,1500.0,3,3,0,Semi-Furnished,50.0,75000.0
"3 BHK Villa for Rent in Laxmi Sagar Layout, Mahadevapura Bangalore",Laxmi Sagar Layout,Bangalore,2024.0,3,3,3,Semi-Furnished,40.0,80000.0
2 BHK House for Rent in Kasavanahalli Bangalore,Kasavanahalli,Bangalore,750.0,2,1,0,Semi-Furnished,27.0,20000.0
"4 BHK Flat for Rent in Hebbal, Bangalore",Hebbal,Bangalore,2350.0,4,3,3,Unfurnished,66.0,160000.0
"2 BHK Flat for Rent in Whitefield, Bangalore",Whitefield,Bangalore,885.0,2,2,0,Semi-Furnished,49.0,43000.0
"2 BHK Flat for Rent in Vimanapura, Airport Road, Bangalore",Vimanapura,Bangalore,1000.0,2,2,0,Semi-Furnished,17.0,17000.0
"2 BHK Flat for Rent in Naganathapura Rayasandra, Bangalore",Naganathapura,Bangalore,900.0,2,2,0,Semi-Furnished,17.0,15000.0
2 BHK House for Rent in Anjanapura Bangalore,AnjanaPura,Bangalore,350.0,2,2,2,Semi-Furnished,29.0,10000.0
"3 BHK Flat for Rent in Devasthanagalu, Varthur, Bangalore",Devasthanagalu,Bangalore,1656.0,3,3,2,Semi-Furnished,33.0,54000.0
"4 BHK Flat for Rent in Hebbal, Bangalore",Hebbal,Bangalore,4637.0,4,5,2,Semi-Furnished,65.0,300000.0
2 BHK House for Rent in Jeevanahalli Cox Town Bangalore,Jivanahalli,Bangalore,900.0,2,1,0,Semi-Furnished,20.0,18000.0
2 BHK House for Rent in Kengeri Satellite Town Bangalore,Kengeri Satellite Town,Bangalore,500.0,2,2,0,Unfurnished,16.0,8000.0
2 BHK House for Rent in Margondanahalli Bangalore,Margondanahalli,Bangalore,830.0,2,2,0,Semi-Furnished,18.0,15000.0
"3 BHK Flat for Rent in Whitefield, Bangalore",Whitefield,Bangalore,1750.0,3,3,3,Furnished,31.0,55000.0
"2 BHK Flat for Rent in Jakkur, Bangalore",Jakkur,Bangalore,690.0,2,2,0,Semi-Furnished,32.0,22000.0
"3 BHK Flat for Rent in Benson Town, Bangalore",Benson Town,Bangalore,1600.0,3,3,3,Semi-Furnished,36.0,58000.0
8 BHK House for Rent in Hoskote Bangalore,Hoskote,Bangalore,4500.0,8,8,0,Semi-Furnished,19.0,85000.0
"3 BHK Flat for Rent in Bellary Road, Bangalore",Bellary Road,Bangalore,1350.0,3,2,2,Semi-Furnished,21.0,28000.0
"2 BHK Flat for Rent in Manyata Tech Park Road, Bangalore",Manyata Tech Park Road,Bangalore,1050.0,2,2,0,Semi-Furnished,21.0,22000.0
"2 BHK Flat for Rent in Begur Road, Bangalore",Begur Road,Bangalore,900.0,2,2,0,Unfurnished,47.0,42000.0
"3 BHK Flat for Rent in Yelahanka, Bangalore",Yelahanka,Bangalore,900.0,3,2,0,Semi-Furnished,28.0,25000.0
"2 BHK Flat for Rent in Yelahanka, Bangalore",Yelahanka,Bangalore,900.0,2,2,0,Unfurnished,26.0,23000.0
"4 BHK Flat for Rent in Whitefield, Bangalore",Whitefield,Bangalore,1740.0,4,4,2,Semi-Furnished,57.0,100000.0
"3 BHK Flat for Rent in Mysore Road, Bangalore",Mysore Road,Bangalore,1425.0,3,2,2,Semi-Furnished,26.0,37000.0
"2 BHK Flat for Rent in Phase 1 Electronics City, Bangalore",Electronics City Phase 1,Bangalore,1002.0,2,2,2,Unfurnished,26.0,26000.0
"3 BHK Flat for Rent in Doddaballapur Main Road, Bangalore",Doddaballapur Main Road,Bangalore,1000.0,3,3,0,Semi-Furnished,16.0,16000.0
1 BHK House for Rent in Murgesh Pallya Bangalore,Murugeshpalya,Bangalore,600.0,1,1,0,Unfurnished,20.0,12000.0
1 BHK House for Rent in CV Raman Nagar Bangalore,C V Raman Nagar,Bangalore,600.0,1,1,0,Furnished,16.0,9500.0
"2 BHK Flat for Rent in AK Colony Domlur, Bangalore",AK Colony Domlur,Bangalore,1400.0,2,2,3,Furnished,64.0,90000.0
"3 BHK Flat for Rent in Brigade Metropolis, Mahadevapura, Bangalore",Brigade Metropolis,Bangalore,1700.0,3,3,2,Semi-Furnished,38.0,65000.0
"2 BHK Flat for Rent in Jakkur, Bangalore",Jakkur,Bangalore,950.0,2,2,2,Semi-Furnished,21.0,20000.0
1 BHK House for Rent in Koramangala Bangalore,Koramangala,Bangalore,500.0,1,1,0,Semi-Furnished,28.0,14000.0
"3 BHK House for Rent in Mathikere Extension, Mathikere Bangalore",Mathikere Extension,Bangalore,2200.0,3,2,0,Semi-Furnished,16.0,36000.0
"3 BHK Flat for Rent in Peace Layout, Kacharakanahalli, Bangalore",Peace layout,Bangalore,1600.0,3,3,4,Semi-Furnished,20.0,32000.0
4 BHK House for Rent in Sector 2 HSR Layout Bangalore,Sector 2 HSR Layout,Bangalore,2400.0,4,4,0,Semi-Furnished,83.0,200000.0
"1 BHK Flat for Rent in Kaggadasapura, Indira nagar, Bangalore",Kaggadasapura,Bangalore,500.0,1,1,0,Semi-Furnished,36.0,18000.0
2 BHK House for Rent in Sector 5th HSR Layout Bangalore,Sector 5 HSR Layout,Bangalore,1100.0,2,2,2,Semi-Furnished,33.0,36000.0
3 BHK House for Rent in Kadugodi Bangalore,Kadugodi,Bangalore,900.0,3,2,0,Unfurnished,20.0,18000.0
"3 BHK Flat for Rent in Murgesh Pallya, Bangalore",Murugeshpalya,Bangalore,1382.0,3,3,0,Furnished,35.0,48000.0
"1 BHK House for Rent in Lingarajapuram, Lingarajapuram, Hennur Main Road Bangalore",Lingarajapuram,Bangalore,550.0,1,1,0,Semi-Furnished,18.0,10000.0
2 BHK House for Rent in Sultanpalya Bangalore,Sultanpalya,Bangalore,784.0,2,1,0,Semi-Furnished,23.0,18000.0
"3 BHK Flat for Rent in Gubbalala, Subramanyapura, Bangalore",Gubbalala,Bangalore,1390.0,3,3,2,Semi-Furnished,29.0,40000.0
"3 BHK Flat for Rent in Thirumenahalli, Bangalore",Thirumenahalli,Bangalore,1429.0,3,3,2,Unfurnished,21.0,30000.0
"2 BHK Flat for Rent in Sarjapur Road, Bangalore",Sarjapur Road,Bangalore,674.0,2,2,0,Semi-Furnished,71.0,48000.0
5 BHK House for Rent in Jayanagar Bangalore,Jayanagar,Bangalore,5100.0,5,6,0,Furnished,49.0,250000.0
"2 BHK Flat for Rent in Jalahalli, Jalahalli, Outer Ring Road, Bangalore",Jalahalli,Bangalore,1407.0,2,2,0,Semi-Furnished,24.0,34000.0
"3 BHK Flat for Rent in Dollar Scheme, Bangalore",Dollar Scheme,Bangalore,1750.0,3,3,2,Furnished,25.0,43000.0
"4 BHK Flat for Rent in Richmond Town, Richmond Town, Bangalore",Richmond Town,Bangalore,3800.0,4,5,3,Furnished,105.0,400000.0
"1 BHK Flat for Rent in Nallurhalli, Whitefield, Borewell Road, Bangalore",Nallurhalli,Bangalore,550.0,1,1,0,Semi-Furnished,37.0,20500.0
"1 BHK House for Rent in Kalidasa Layout, Banashankari Bangalore",Kalidasa Layout,Bangalore,350.0,1,1,0,Unfurnished,19.0,6500.0
1 BHK House for Rent in Valepura Bangalore,Valepura,Bangalore,1000.0,1,1,0,Semi-Furnished,10.0,10000.0
"2 BHK Flat for Rent in Gottigere, Bangalore",Gottigere,Bangalore,1100.0,2,2,0,Semi-Furnished,15.0,16000.0
"4 BHK Flat for Rent in Kanakapura Road, Bangalore",Kanakapura Road,Bangalore,2105.0,4,4,0,Semi-Furnished,40.0,85000.0
"3 BHK Flat for Rent in Bellandur, Outer Ring Road, Bangalore",Bellandur,Bangalore,1300.0,3,3,2,Semi-Furnished,38.0,50000.0
"2 BHK Flat for Rent in Munnekollal, Bangalore",Munnekollal,Bangalore,800.0,2,2,0,Furnished,38.0,30000.0
"4 BHK Flat for Rent in Hebbal, Bangalore",Hebbal,Bangalore,4440.0,4,4,0,Semi-Furnished,68.0,300000.0
2 BHK House for Rent in Marathahalli Bangalore,Marathahalli,Bangalore,800.0,2,2,0,Semi-Furnished,31.0,25000.0
2 BHK House for Rent in Hsr Layout Bangalore,HSR Layout,Bangalore,1500.0,2,1,0,Semi-Furnished,29.0,43000.0
"2 BHK Flat for Rent in Varthur, Bangalore",Varthur,Bangalore,1100.0,2,2,0,Semi-Furnished,41.0,45000.0
"3 BHK Flat for Rent in Marathahalli, Bangalore",Marathahalli,Bangalore,1950.0,3,3,0,Semi-Furnished,64.0,130000.0
"2 BHK Flat for Rent in Doddaballapur Main Road, Bangalore",Doddaballapur Main Road,Bangalore,1370.0,2,2,0,Semi-Furnished,29.0,40000.0
4 BHK Villa for Rent in Whitefield Bangalore,Whitefield,Bangalore,4390.0,4,4,2,Semi-Furnished,34.0,150000.0
"3 BHK Flat for Rent in Budigere, Bangalore",Budigere,Bangalore,1350.0,3,3,2,Semi-Furnished,28.0,38000.0
2 BHK House for Rent in Varanasi Bangalore,Varanasi,Bangalore,1000.0,2,2,0,Furnished,22.0,22000.0
"1 BHK House for Rent in Marenahalli - Vijaynagar, West Of Chord Road Bangalore",Marenahalli - Vijaynagar,Bangalore,600.0,1,1,0,Unfurnished,13.0,7500.0
"3 BHK Flat for Rent in Nagavara, Bangalore",Nagavara,Bangalore,2600.0,3,3,3,Semi-Furnished,25.0,65000.0
"3 BHK Flat for Rent in Naidu Layout Electronic City, Bangalore",Naidu Layout Electronic City,Bangalore,1195.0,3,3,2,Semi-Furnished,46.0,55000.0
2 BHK House for Rent in Medahalli Bangalore,MedaHalli,Bangalore,900.0,2,2,2,Unfurnished,20.0,18000.0
"3 BHK Flat for Rent in Jayanagar Housing Society Layout, Bangalore",Jayanagar Housing Society Layout,Bangalore,1300.0,3,3,0,Furnished,29.0,38000.0
4 BHK Villa for Rent in Hsr Layout Bangalore,HSR Layout,Bangalore,3600.0,4,5,3,Furnished,44.0,160000.0
"1 BHK Flat for Rent in Marathahalli, Bangalore",Marathahalli,Bangalore,500.0,1,1,0,Semi-Furnished,36.0,18000.0
"2 BHK Flat for Rent in Block 3rd Jayanagar East, Bangalore",Block 3rd Jayanagar East,Bangalore,1000.0,2,2,0,Semi-Furnished,42.0,42000.0
"3 BHK Flat for Rent in Sindhi Colony, Frazer Town, Bangalore",Sindhi Colony,Bangalore,2415.0,3,3,4,Semi-Furnished,97.0,240000.0
4 BHK Villa for Rent in Hennur Gardens Bangalore,Hennur,Bangalore,3600.0,4,4,3,Semi-Furnished,32.0,120000.0
3 BHK House for Rent in Bidarahalli Bangalore,Bidarahalli,Bangalore,1100.0,3,2,3,Semi-Furnished,35.0,38000.0
"3 BHK Flat for Rent in J P Nagar, Bangalore",JP Nagar,Bangalore,1780.0,3,3,3,Semi-Furnished,25.0,45000.0
1 BHK House for Rent in Munnekollal Bangalore,Munnekollal,Bangalore,500.0,1,1,0,Semi-Furnished,28.0,14000.0
"3 BHK Flat for Rent in Byrathi, Bangalore",Byrathi,Bangalore,1640.0,3,2,0,Semi-Furnished,23.0,38000.0
"2 BHK Flat for Rent in Koramangala, Bangalore",Koramangala,Bangalore,1233.0,2,2,2,Semi-Furnished,41.0,50000.0
"1 BHK Flat for Rent in Munnekollal, Bangalore",Munnekollal,Bangalore,400.0,1,1,0,Semi-Furnished,35.0,14000.0
"2 BHK Flat for Rent in Thanisandra, Bangalore",Thanisandra,Bangalore,800.0,2,2,0,Furnished,48.0,38000.0
"2 BHK Flat for Rent in Devanahalli, Bangalore",Devanahalli,Bangalore,1000.0,2,2,0,Semi-Furnished,30.0,30000.0
"4 BHK Flat for Rent in Balaji Layout Cooke Town, Bangalore",Balaji Layout Cooke Town,Bangalore,2500.0,4,4,2,Semi-Furnished,60.0,150000.0
"3 BHK Flat for Rent in Doddanekundi Main Road, Bangalore",Doddanekundi Main Road,Bangalore,2300.0,3,3,2,Semi-Furnished,43.0,100000.0
"2 BHK Flat for Rent in Dasarahalli, Bangalore",Dasarahalli,Bangalore,900.0,2,2,0,Semi-Furnished,38.0,34000.0
"2 BHK Flat for Rent in Ms Ramaiah City Layout, Arakere, Bangalore",MS Ramaiah City Layout,Bangalore,850.0,2,2,0,Semi-Furnished,21.0,18000.0
"2 BHK Flat for Rent in Attur Layout, Yelahanka New Town, Bangalore",Attur Layout,Bangalore,800.0,2,2,0,Semi-Furnished,21.0,16500.0
"2 BHK Flat for Rent in Bagalur Main Road, Bangalore",Bagalur Main Road,Bangalore,999.0,2,2,0,Semi-Furnished,35.0,35000.0
"2 BHK Flat for Rent in Stage 2nd Rajajinagar, Bangalore",Rajajinagar Stage 2,Bangalore,800.0,2,2,0,Semi-Furnished,35.0,28000.0
"3 BHK Flat for Rent in Yelahanka, Bangalore",Yelahanka,Bangalore,1757.0,3,3,0,Furnished,23.0,40000.0
3 BHK Villa for Rent in Electronic City Bangalore,Electronic City,Bangalore,3200.0,3,4,0,Furnished,25.0,80000.0
"4 BHK Flat for Rent in Whitefield, Bangalore",Whitefield,Bangalore,3000.0,4,4,3,Furnished,40.0,120000.0
2 BHK House for Rent in Sector 4 HSR Layout Bangalore,Sector 4 HSR Layout,Bangalore,1050.0,2,2,0,Unfurnished,36.0,38000.0
2 BHK House for Rent in Sri Sai Layout Bangalore,Sri Sai Layout,Bangalore,720.0,2,2,0,Semi-Furnished,21.0,15000.0
"1 BHK Flat for Rent in Someshwara Layout Doddakannelli, Bangalore",Someshwara Layout,Bangalore,650.0,1,1,0,Furnished,35.0,23000.0
"2 BHK Flat for Rent in Bikasipura, kanakapura Road, Bangalore",Bikasipura,Bangalore,800.0,2,2,0,Semi-Furnished,31.0,25000.0
4 BHK House for Rent in D Group Layout Bangalore,D Group Layout,Bangalore,3500.0,4,4,5,Semi-Furnished,17.0,60000.0
2 BHK Villa for Rent in Phase 2 Electronic City Bangalore,Electronic City Phase 2,Bangalore,600.0,2,1,0,Semi-Furnished,25.0,15000.0
"2 BHK Flat for Rent in Marathahalli, Bangalore",Marathahalli,Bangalore,1130.0,2,2,0,Semi-Furnished,31.0,35000.0
"2 BHK Flat for Rent in Gm Palya, CV Raman Nagar, Bangalore",GM Palya,Bangalore,1000.0,2,1,0,Unfurnished,25.0,25000.0
"3 BHK Flat for Rent in Indiranagar, Bangalore",Indira Nagar,Bangalore,2200.0,3,3,2,Semi-Furnished,61.0,140000.0
"3 BHK Flat for Rent in Rajajinagar, Bangalore",Rajaji Nagar,Bangalore,1400.0,3,3,3,Semi-Furnished,39.0,54000.0
"2 BHK Flat for Rent in Begur, Bangalore",Begur,Bangalore,905.0,2,2,2,Semi-Furnished,46.0,42000.0
"3 BHK Flat for Rent in Vigneshwara Layout Hoysala Nagar, Bangalore",Vigneshwara Layout Hoysala Nagar,Bangalore,1000.0,3,2,0,Semi-Furnished,28.0,28000.0
"1 BHK Flat for Rent in Whitefield, Bangalore",Whitefield,Bangalore,505.0,1,1,0,Semi-Furnished,38.0,19000.0
"3 BHK Flat for Rent in Vijayanagar, Bangalore",Vijayanagar,Bangalore,1600.0,3,3,0,Semi-Furnished,22.0,35000.0
"2 BHK Flat for Rent in Whitefield, Bangalore",Whitefield,Bangalore,1250.0,2,2,0,Unfurnished,23.0,29000.0
2 BHK House for Rent in Bhavani Nagar Shakti Farm Bangalore,Bhavani Nagar Shakti Farm,Bangalore,1100.0,2,2,0,Unfurnished,14.0,15000.0
2 BHK House for Rent in Stage 2nd Rajajinagar Bangalore,Rajajinagar Stage 2,Bangalore,1200.0,2,2,0,Unfurnished,23.0,27000.0
"2 BHK Flat for Rent in Konena Agrahara Murgesh Pallya, Bangalore",Konena Agrahara Murgesh Pallya,Bangalore,950.0,2,2,0,Semi-Furnished,45.0,43000.0
"2 BHK Flat for Rent in Hosa Road, off Hosur Road, Bangalore",Hosa Road,Bangalore,1050.0,2,2,0,Unfurnished,40.0,41836.0
5 BHK House for Rent in Hebbal Kempapura Bangalore,Hebbal Kempapura,Bangalore,4300.0,5,5,0,Furnished,35.0,150000.0
"3 BHK Flat for Rent in Yelahanka, Bangalore",Yelahanka,Bangalore,1650.0,3,3,2,Semi-Furnished,21.0,35000.0
2 BHK House for Rent in HMT Layout Vidyaranyapura Bangalore,HMT Layout Vidyaranyapura,Bangalore,900.0,2,1,0,Semi-Furnished,30.0,27000.0
2 BHK House for Rent in Kadugodi Bangalore,Kadugodi,Bangalore,800.0,2,2,0,Semi-Furnished,31.0,25000.0
"1 BHK Flat for Rent in Sector 2 HSR Layout, Bangalore",Sector 2 HSR Layout,Bangalore,550.0,1,1,0,Semi-Furnished,49.0,27000.0
"3 BHK Flat for Rent in CQAL Layout, Bangalore",CQAL Layout,Bangalore,1246.0,3,3,3,Semi-Furnished,32.0,40000.0
2 BHK House for Rent in Chandapura Bangalore,Chandapura,Bangalore,800.0,2,2,0,Semi-Furnished,18.0,14000.0
"2 BHK Flat for Rent in Choodasandra, Bangalore",Choodasandra,Bangalore,1200.0,2,2,2,Semi-Furnished,29.0,35000.0
"3 BHK Flat for Rent in Haralur, Bangalore",Haralur,Bangalore,1690.0,3,3,0,Semi-Furnished,38.0,65000.0
1 BHK House for Rent in Hbr Layout Bangalore,HBR Layout,Bangalore,600.0,1,1,0,Semi-Furnished,20.0,12000.0
3 BHK House for Rent in Sanjayanagara Bangalore,Sanjayanagara,Bangalore,1240.0,3,3,0,Semi-Furnished,48.0,60000.0
1 BHK House for Rent in Banashankari Bangalore,Banashankari,Bangalore,528.0,1,1,0,Unfurnished,17.0,8800.0
"4 BHK Flat for Rent in Whitefield, Bangalore",Whitefield,Bangalore,3743.0,4,5,3,Furnished,39.0,150000.0
"1 BHK Flat for Rent in Neeladri Nagar, Bangalore",Neeladri Nagar,Bangalore,525.0,1,1,0,Semi-Furnished,30.0,15500.0
"2 BHK Flat for Rent in Kanakapura Road, Bangalore",Kanakapura Road,Bangalore,1200.0,2,2,0,Semi-Furnished,17.0,20000.0
"3 BHK Flat for Rent in Doddaballapur Main Road, Bangalore",Doddaballapur Main Road,Bangalore,783.0,3,2,0,Furnished,31.0,24000.0
2 BHK House for Rent in Manganahalli Bangalore,ManganaHalli,Bangalore,624.0,2,1,0,Semi-Furnished,23.0,14500.0
1 BHK House for Rent in Neelasandra Bangalore,Neelasandra,Bangalore,600.0,1,1,0,Semi-Furnished,13.0,8000.0
"1 BHK Flat for Rent in Channasandra Main Road, Bangalore",Channasandra Main Road,Bangalore,430.0,1,1,0,Semi-Furnished,23.0,10000.0
"4 BHK Flat for Rent in Maruthi Nagar Dasarahalli, Bangalore",Maruthi Nagar Dasarahalli,Bangalore,2160.0,4,4,0,Furnished,35.0,75000.0
"1 BHK Flat for Rent in Kundalahalli Colony, Brookefield, Bangalore",Kundalahalli Colony,Bangalore,800.0,1,1,0,Unfurnished,26.0,21000.0
"2 BHK Flat for Rent in Gottigere, Bangalore",Gottigere,Bangalore,1000.0,2,1,2,Furnished,45.0,45000.0
"1 BHK Flat for Rent in Srirampura, Bangalore",Srirampuram,Bangalore,400.0,1,1,0,Semi-Furnished,32.0,13000.0
"2 BHK Flat for Rent in Richmond Town, Richmond Town, Bangalore",Richmond Town,Bangalore,1100.0,2,2,2,Semi-Furnished,55.0,60000.0
"2 BHK Flat for Rent in Gummanahalli, Bangalore",Gummanahalli,Bangalore,977.0,2,2,0,Semi-Furnished,27.0,26000.0
"2 BHK Flat for Rent in Marathahalli, Bangalore",Marathahalli,Bangalore,1200.0,2,2,2,Semi-Furnished,28.0,33000.0
"3 BHK Flat for Rent in Electronic City, Bangalore",Electronic City,Bangalore,1470.0,3,3,0,Furnished,29.0,42000.0
"2 BHK Flat for Rent in Marathahalli, Bangalore",Marathahalli,Bangalore,1400.0,2,2,0,Furnished,29.0,40000.0
"3 BHK Flat for Rent in Anjanapura, Bangalore",AnjanaPura,Bangalore,1246.0,3,2,3,Semi-Furnished,24.0,29500.0
"3 BHK Flat for Rent in Sarjapur Road, Bangalore",Sarjapur Road,Bangalore,1700.0,3,3,3,Unfurnished,34.0,58000.0
"2 BHK Flat for Rent in Attibele, Bangalore",Attibele,Bangalore,858.0,2,2,0,Furnished,26.0,22000.0
2 BHK House for Rent in Old Madras Road Bangalore,Old Madras Road,Bangalore,950.0,2,2,0,Semi-Furnished,16.0,15000.0
"2 BHK Flat for Rent in Devanahalli, Bangalore",Devanahalli,Bangalore,600.0,2,2,0,Semi-Furnished,45.0,27000.0
2 BHK House for Rent in Bannerughatta Bangalore,Bannerghatta,Bangalore,1000.0,2,2,0,Semi-Furnished,18.0,18000.0
"3 BHK Flat for Rent in Whitefield, Bangalore",Whitefield,Bangalore,1250.0,3,3,0,Semi-Furnished,60.0,75000.0
"2 BHK Flat for Rent in Kodigehalli, Bangalore",Kodigehalli,Bangalore,1175.0,2,2,2,Semi-Furnished,27.0,32000.0
"1 BHK Flat for Rent in Virgonagar Industrial Estate, Bangalore",Virgonagar Industrial Estate,Bangalore,598.0,1,1,0,Semi-Furnished,42.0,25000.0
"3 BHK Flat for Rent in Hebbal, Bangalore",Hebbal,Bangalore,1920.0,3,3,2,Semi-Furnished,29.0,55000.0
"2 BHK Flat for Rent in B Narayanapura, Mahadevapura, Bangalore",B Narayanapura,Bangalore,850.0,2,2,0,Semi-Furnished,29.0,25000.0
3 BHK House for Rent in Varthur Bangalore,Varthur,Bangalore,1200.0,3,2,0,Furnished,13.0,16000.0
"1 BHK Flat for Rent in Rajajinagar, Bangalore",Rajaji Nagar,Bangalore,680.0,1,1,0,Unfurnished,22.0,15000.0
"3 BHK Flat for Rent in Hebbal, Bangalore",Hebbal,Bangalore,2390.0,3,3,0,Semi-Furnished,27.0,65000.0
"2 BHK Flat for Rent in Meenakshi Layout Choodasandra, Bangalore",Meenakshi Layout Choodasandra,Bangalore,800.0,2,2,0,Semi-Furnished,20.0,16000.0
"3 BHK Flat for Rent in Devanahalli, Bangalore",Devanahalli,Bangalore,1500.0,3,2,0,Furnished,27.0,40000.0
"3 BHK Flat for Rent in Bommanahalli, Bangalore",Bommanahalli,Bangalore,1450.0,3,3,2,Semi-Furnished,24.0,35000.0
"2 BHK Flat for Rent in CV Raman Nagar, Bangalore",C V Raman Nagar,Bangalore,1392.0,2,2,2,Semi-Furnished,45.0,62000.0
"3 BHK Flat for Rent in Marathahalli, Bangalore",Marathahalli,Bangalore,1000.0,3,2,2,Semi-Furnished,60.0,60000.0
"4 BHK Flat for Rent in Lavelle Road, Bangalore",Lavelle Road,Bangalore,2600.0,4,4,4,Furnished,135.0,350000.0
"3 BHK Flat for Rent in Malleshwaram, Bangalore",Malleshwaram,Bangalore,2215.0,3,3,2,Semi-Furnished,32.0,70000.0
1 BHK House for Rent in Thigalarapalya Hoodi Bangalore,Thigalarapalya,Bangalore,1500.0,1,1,0,Unfurnished,5.0,8000.0
1 BHK House for Rent in Doddaballapur Main Road Bangalore,Doddaballapur Main Road,Bangalore,550.0,1,1,0,Unfurnished,13.0,7000.0
1 BHK House for Rent in CV Raman Nagar Bangalore,C V Raman Nagar,Bangalore,750.0,1,1,0,Semi-Furnished,13.0,9500.0
"1 BHK Flat for Rent in Varthur, Bangalore",Varthur,Bangalore,782.0,1,1,0,Semi-Furnished,42.0,33000.0
3 BHK House for Rent in Basaveshwar Nagar Bangalore,Basaveshwar Nagar,Bangalore,1900.0,3,3,2,Semi-Furnished,26.0,50000.0
"2 BHK Flat for Rent in Stage 6th Banashankari, Bangalore",Banashankari stage 6,Bangalore,989.0,2,2,2,Semi-Furnished,32.0,32000.0
3 BHK House for Rent in Basaveshwar Nagar Bangalore,Basaveshwar Nagar,Bangalore,1700.0,3,3,0,Unfurnished,35.0,60000.0
"2 BHK Flat for Rent in Sarjapur Road, Bangalore",Sarjapur Road,Bangalore,927.0,2,2,0,Unfurnished,30.0,28000.0
"3 BHK Flat for Rent in Victoria Layout, Victoria Layout, Victoria Road, Bangalore",Victoria Layout,Bangalore,1726.0,3,3,2,Furnished,58.0,100000.0
2 BHK House for Rent in Kadubeesanahalli Bangalore,Kadubeesanahalli,Bangalore,1200.0,2,2,0,Furnished,21.0,25000.0
"2 BHK Flat for Rent in Jigani, Bangalore",Jigani,Bangalore,939.0,2,2,3,Semi-Furnished,22.0,21000.0
"3 BHK Flat for Rent in Kasavanahalli, Bangalore",Kasavanahalli,Bangalore,1440.0,3,2,2,Semi-Furnished,59.0,85000.0
"3 BHK Flat for Rent in Mahatma Gandhi Nagar, Basaveshvara Nagar, Bangalore",Mahatma Gandhi Nagar,Bangalore,1400.0,3,3,2,Furnished,64.0,90000.0
"3 BHK Flat for Rent in Jayamahal Main Road, Bangalore",Jayamahal Main Road,Bangalore,1700.0,3,3,0,Semi-Furnished,47.0,80000.0
"3 BHK Flat for Rent in Binnamangala Stage 1 Indiranagar, Bangalore",Binnamangala Stage 1 Indiranagar,Bangalore,1800.0,3,3,0,Semi-Furnished,64.0,120000.0
"3 BHK Flat for Rent in Bagalur Main Road, Bangalore",Bagalur Main Road,Bangalore,1002.0,3,3,0,Semi-Furnished,36.0,36000.0
"2 BHK Flat for Rent in Sarjapur Road, Bangalore",Sarjapur Road,Bangalore,1040.0,2,2,0,Furnished,25.0,25500.0
"3 BHK Flat for Rent in Vignan Nagar, Bangalore",Vignan Nagar,Bangalore,2100.0,3,3,0,Furnished,24.0,50000.0
"3 BHK Flat for Rent in J P Nagar, Bangalore",JP Nagar,Bangalore,1100.0,3,2,2,Semi-Furnished,27.0,29500.0
"3 BHK Flat for Rent in Battarahalli, Bangalore",Battarahalli,Bangalore,1411.0,3,3,2,Semi-Furnished,39.0,55000.0
"2 BHK Flat for Rent in Rayasandra, Bangalore",Rayasandra,Bangalore,975.0,2,2,0,Furnished,34.0,33000.0
5 BHK Villa for Rent in Bommasandra Bangalore,Bommasandra,Bangalore,4400.0,5,3,0,Semi-Furnished,17.0,75000.0
"2 BHK Flat for Rent in Gummanahalli, Bangalore",Gummanahalli,Bangalore,800.0,2,2,2,Semi-Furnished,40.0,32000.0
2 BHK House for Rent in Mathikere Bangalore,Mathikere,Bangalore,850.0,2,2,0,Furnished,29.0,25000.0
3 BHK House for Rent in Thanisandra Bangalore,Thanisandra,Bangalore,1200.0,3,2,2,Semi-Furnished,25.0,30000.0
"2 BHK Flat for Rent in Sector 11 New Tippasandra, Bangalore",Sector 11 New Thippasandra,Bangalore,1150.0,2,2,3,Semi-Furnished,30.0,35000.0
"3 BHK Flat for Rent in Kogilu, Bangalore",Kogilu,Bangalore,1610.0,3,3,0,Semi-Furnished,30.0,48000.0
3 BHK Villa for Rent in Hennur Gardens Bangalore,Hennur,Bangalore,1800.0,3,4,3,Semi-Furnished,83.0,150000.0
"1 BHK Flat for Rent in Victoria Layout, Victoria Layout, Victoria Road, Bangalore",Victoria Layout,Bangalore,700.0,1,1,0,Semi-Furnished,43.0,30000.0
"3 BHK Flat for Rent in Sarjapura, Bangalore",Sarjapur,Bangalore,1625.0,3,2,2,Unfurnished,40.0,65000.0
"1 BHK Flat for Rent in Chikkajala, Bangalore-Hyderabad Hwy, Bangalore",Chikkajala,Bangalore,600.0,1,1,0,Semi-Furnished,25.0,15000.0
1 BHK House for Rent in Maruti Nagar Devinagar Bangalore,Maruti Nagar,Bangalore,700.0,1,1,0,Semi-Furnished,9.0,6500.0
"1 BHK Flat for Rent in Stage 6th Banashankari, Bangalore",Banashankari stage 6,Bangalore,400.0,1,1,0,Semi-Furnished,50.0,20000.0
4 BHK Villa for Rent in Yelahanka Bangalore,Yelahanka,Bangalore,2400.0,4,3,0,Semi-Furnished,17.0,40000.0
"2 BHK Flat for Rent in Whitefield, Bangalore",Whitefield,Bangalore,1100.0,2,2,0,Semi-Furnished,42.0,46000.0
"3 BHK Flat for Rent in Bhoganhalli, Bangalore",Bhoganhalli,Bangalore,1086.0,3,3,0,Unfurnished,72.0,78000.0
4 BHK Villa for Rent in Whitefield Bangalore,Whitefield,Bangalore,6219.0,4,5,2,Semi-Furnished,64.0,400000.0
2 BHK House for Rent in LBS Nagar Kaggadasapura Bangalore,LBS Nagar,Bangalore,1200.0,2,2,3,Semi-Furnished,19.0,23000.0
2 BHK House for Rent in Kadugodi Bangalore,Kadugodi,Bangalore,1200.0,2,3,0,Furnished,23.0,28000.0
1 BHK House for Rent in Laggere Bangalore,Laggere,Bangalore,300.0,1,1,0,Unfurnished,18.0,5500.0
"4 BHK Villa for Rent in Adarsh Palm Retreat, Bellandur Bangalore",Adarsh Palm Retreat,Bangalore,3600.0,4,4,3,Semi-Furnished,67.0,240000.0
"2 BHK Flat for Rent in Gummanahalli, Bangalore",Gummanahalli,Bangalore,971.0,2,2,0,Semi-Furnished,26.0,25000.0
4 BHK Villa for Rent in Channasandra Bangalore,Channasandra,Bangalore,3000.0,4,4,2,Semi-Furnished,22.0,65000.0
2 BHK House for Rent in Mico Layout Hongasandra Bangalore,Mico Layout,Bangalore,850.0,2,2,2,Furnished,19.0,16000.0
"3 BHK Flat for Rent in Kammanahalli, Bangalore",Kammanahalli,Bangalore,2100.0,3,3,0,Semi-Furnished,31.0,65000.0
"2 BHK Flat for Rent in Bagalur Main Road, Bangalore",Bagalur Main Road,Bangalore,971.0,2,2,0,Semi-Furnished,29.0,28000.0
"1 BHK Flat for Rent in Nagavara, Bangalore",Nagavara,Bangalore,500.0,1,0,0,Furnished,36.0,18000.0
"2 BHK Flat for Rent in Whitefield, Bangalore",Whitefield,Bangalore,950.0,2,2,3,Semi-Furnished,132.0,130000.0
"2 BHK Flat for Rent in Bidare Agraha, Bangalore",Bidare Agrahara,Bangalore,700.0,2,2,2,Semi-Furnished,26.0,18500.0
"3 BHK House for Rent in Ams Layout, Vidyaranyapura Bangalore",AMS Layout,Bangalore,1200.0,3,2,0,Semi-Furnished,18.0,22000.0
4 BHK Villa for Rent in Anantapuram Bangalore,Anantapura,Bangalore,3100.0,4,4,4,Semi-Furnished,23.0,70000.0
"2 BHK Flat for Rent in Bellandur, Outer Ring Road, Bangalore",Bellandur,Bangalore,1000.0,2,2,2,Semi-Furnished,40.0,40000.0
2 BHK House for Rent in Amruthnagar Bangalore,Amruthnagar,Bangalore,1200.0,2,2,0,Semi-Furnished,20.0,24000.0
1 BHK House for Rent in Bidare Agraha Bangalore,Bidare Agrahara,Bangalore,600.0,1,1,0,Semi-Furnished,13.0,8000.0
"3 BHK Flat for Rent in Pulkeshi Nagar, Bangalore",Pulkeshi Nagar,Bangalore,1800.0,3,3,4,Furnished,50.0,90000.0
5 BHK Villa for Rent in Hennur Main Road Bangalore,Hennur Main Road,Bangalore,3000.0,5,5,3,Semi-Furnished,23.0,70000.0
"3 BHK Flat for Rent in Koramangala, Bangalore",Koramangala,Bangalore,2291.0,3,4,4,Furnished,48.0,110000.0
"3 BHK Flat for Rent in Kogilu Main Road, Bangalore",Kogilu Main Road,Bangalore,1840.0,3,3,2,Semi-Furnished,27.0,50000.0
"3 BHK Flat for Rent in Lavakusha Nagar, Bangalore",Lavakusha Nagar,Bangalore,1096.0,3,3,2,Furnished,33.0,36000.0
"2 BHK Flat for Rent in Gruha Lakshmi Layout, Kamala Nagar, Bangalore",Gruha Lakshmi Layout,Bangalore,960.0,2,2,2,Furnished,18.0,17000.0
"2 BHK House for Rent in Kumaraswamy Layout, Kumaraswamy Layout Bangalore",Kumaraswamy Layout,Bangalore,600.0,2,1,0,Semi-Furnished,20.0,12000.0
1 BHK House for Rent in Banashankari Bangalore,Banashankari,Bangalore,424.0,1,1,0,Unfurnished,14.0,6000.0
"3 BHK Flat for Rent in Krishnarajapura, Bangalore",KR Puram,Bangalore,1200.0,3,2,0,Semi-Furnished,29.0,35000.0
4 BHK Villa for Rent in Budigere Bangalore,Budigere,Bangalore,3694.0,4,4,2,Semi-Furnished,22.0,80000.0
1 BHK House for Rent in Adugodi Bangalore,Adugodi,Bangalore,500.0,1,1,0,Semi-Furnished,22.0,11200.0
4 BHK Villa for Rent in Budigere Bangalore,Budigere,Bangalore,1650.0,4,3,0,Semi-Furnished,30.0,50000.0
"3 BHK Flat for Rent in Kasavanahalli, Bangalore",Kasavanahalli,Bangalore,1820.0,3,3,4,Semi-Furnished,43.0,79000.0
"2 BHK Flat for Rent in Begur, Bangalore",Begur,Bangalore,930.0,2,2,0,Semi-Furnished,45.0,42000.0
"1 BHK Flat for Rent in Stage 6th Banashankari, Bangalore",Banashankari stage 6,Bangalore,572.0,1,1,0,Semi-Furnished,44.0,25000.0
"2 BHK House for Rent in Chikku Lakshmaiah Layout, Adugodi Bangalore",Chikku Lakshmaiah Layout,Bangalore,700.0,2,2,0,Semi-Furnished,29.0,20000.0
"2 BHK Flat for Rent in Vinayak Nagar Kattigenahalli, Bangalore",Vinayak Nagar,Bangalore,750.0,2,2,2,Semi-Furnished,33.0,25000.0
"3 BHK Flat for Rent in Yeswanthpur, Bangalore",Yeswanthpur,Bangalore,1948.0,3,3,3,Semi-Furnished,26.0,50000.0
"3 BHK Flat for Rent in F Block Sahakar Nagar, Bangalore",F Block Sahakar Nagar,Bangalore,1580.0,3,3,3,Semi-Furnished,27.0,43000.0
"3 BHK Flat for Rent in Jakkur, Bangalore",Jakkur,Bangalore,1950.0,3,3,3,Semi-Furnished,41.0,80000.0
"3 BHK Flat for Rent in Bellandur Lake Road, Bangalore",Bellandur Lake Road,Bangalore,2000.0,3,3,0,Furnished,29.0,58000.0
2 BHK House for Rent in Stage 2nd BTM Layout Bangalore,BTM Layout Stage 2,Bangalore,600.0,2,2,0,Unfurnished,23.0,14000.0
"2 BHK Flat for Rent in Doddaballapur Main Road, Bangalore",Doddaballapur Main Road,Bangalore,1000.0,2,2,0,Unfurnished,14.0,14000.0
"3 BHK Flat for Rent in Hosa Road, off Hosur Road, Bangalore",Hosa Road,Bangalore,1538.0,3,3,0,Semi-Furnished,36.0,55000.0
4 BHK Villa for Rent in Yelahanka Bangalore,Yelahanka,Bangalore,3175.0,4,4,2,Unfurnished,79.0,250000.0
"3 BHK Flat for Rent in Haralur, Bangalore",Haralur,Bangalore,1740.0,3,3,0,Semi-Furnished,37.0,65000.0
"2 BHK Flat for Rent in Yeswanthpur, Bangalore",Yeswanthpur,Bangalore,700.0,2,2,0,Semi-Furnished,40.0,28000.0
"3 BHK Flat for Rent in Cox Town, Bangalore",Cox Town,Bangalore,1800.0,3,3,3,Furnished,42.0,75000.0
"3 BHK Flat for Rent in Haralur Main Road, Bangalore",Haralur Main Road,Bangalore,1300.0,3,2,2,Semi-Furnished,58.0,76000.0
1 BHK House for Rent in RT Nagar Bangalore,RT Nagar,Bangalore,250.0,1,1,0,Semi-Furnished,28.0,7000.0
"3 BHK Flat for Rent in Hebbal, Bangalore",Hebbal,Bangalore,1134.0,3,3,2,Semi-Furnished,62.0,70000.0
"3 BHK Flat for Rent in Hebbal, Bangalore",Hebbal,Bangalore,2960.0,3,3,2,Semi-Furnished,54.0,160000.0
"3 BHK Flat for Rent in Bannerughatta, Bangalore",Bannerghatta,Bangalore,1342.0,3,2,0,Semi-Furnished,35.0,47000.0
"2 BHK Flat for Rent in HAL Old Airport Road, Bangalore",HAL Old Airport Road,Bangalore,1250.0,2,2,0,Furnished,42.0,52000.0
"2 BHK Flat for Rent in Kodathi, Bangalore",Kodathi,Bangalore,750.0,2,2,0,Semi-Furnished,35.0,26000.0
"2 BHK Flat for Rent in Hennur Gardens, Bangalore",Hennur,Bangalore,1100.0,2,2,0,Furnished,25.0,28000.0
2 BHK House for Rent in Phase 1 Electronics City Bangalore,Electronics City Phase 1,Bangalore,936.0,2,2,2,Furnished,34.0,32000.0
2 BHK House for Rent in Varthur Bangalore,Varthur,Bangalore,510.0,2,2,0,Unfurnished,29.0,15000.0
"2 BHK Flat for Rent in Kengeri Satellite Town, Bangalore",Kengeri Satellite Town,Bangalore,1300.0,2,1,0,Semi-Furnished,15.0,20000.0
"3 BHK Flat for Rent in Hebbal, Bangalore",Hebbal,Bangalore,1600.0,3,3,2,Unfurnished,43.0,69000.0
"2 BHK Flat for Rent in Sector 4 HSR Layout, Bangalore",Sector 4 HSR Layout,Bangalore,1150.0,2,2,0,Semi-Furnished,39.0,45000.0
"4 BHK Flat for Rent in Whitefield, Bangalore",Whitefield,Bangalore,4000.0,4,5,4,Semi-Furnished,38.0,150000.0
"3 BHK Flat for Rent in Sarjapur Road, Bangalore",Sarjapur Road,Bangalore,1650.0,3,3,0,Semi-Furnished,39.0,65000.0
2 BHK House for Rent in Horamavu Bangalore,Horamavu,Bangalore,1200.0,2,2,0,Semi-Furnished,18.0,21000.0
2 BHK House for Rent in Chikkabidarakallu Bangalore,Chikkabidarakallu,Bangalore,740.0,2,2,0,Unfurnished,11.0,8000.0
1 BHK House for Rent in Somasundarapalya Bangalore,Somasundarapalya,Bangalore,650.0,1,1,0,Semi-Furnished,29.0,19000.0
"3 BHK Flat for Rent in Bommanahalli, Bangalore",Bommanahalli,Bangalore,1850.0,3,3,2,Furnished,46.0,85000.0
"3 BHK Flat for Rent in Mahalakshmipuram Layout, Mahalakshmipuram, Bangalore",Mahalakshmipuram Layout,Bangalore,2000.0,3,3,2,Semi-Furnished,30.0,60000.0
4 BHK House for Rent in Btm Layout Bangalore,BTM Layout,Bangalore,3500.0,4,4,2,Semi-Furnished,57.0,200000.0
"3 BHK Flat for Rent in Cunningham Road, Bangalore",Cunningham Road,Bangalore,3025.0,3,4,2,Unfurnished,73.0,220000.00000000003
3 BHK House for Rent in Stage 2 RMV Bangalore,RMV Extension Stage 2,Bangalore,2500.0,3,3,0,Semi-Furnished,24.0,60000.0
"2 BHK Flat for Rent in Haralur Main Road, Bangalore",Haralur Main Road,Bangalore,1000.0,2,2,0,Unfurnished,30.0,30000.0
"2 BHK Flat for Rent in Budigere, Bangalore",Budigere,Bangalore,1065.0,2,2,2,Semi-Furnished,28.0,30000.0
1 BHK House for Rent in Tulasi Layout Bangalore,Tulasi Layout,Bangalore,450.0,1,1,0,Semi-Furnished,23.0,10500.0
3 BHK Villa for Rent in Kanakapura Road Bangalore,Kanakapura Road,Bangalore,2480.0,3,3,0,Semi-Furnished,20.0,50000.0
2 BHK House for Rent in Horamavu Bangalore,Horamavu,Bangalore,1000.0,2,2,2,Semi-Furnished,15.0,15000.0
1 BHK House for Rent in Deepanjali Nagar Bangalore,Deepanjali Nagar,Bangalore,500.0,1,1,0,Unfurnished,16.0,8000.0
2 BHK House for Rent in Kasavanahalli Bangalore,Kasavanahalli,Bangalore,750.0,2,2,0,Unfurnished,23.0,17000.0
"1 BHK House for Rent in Anjana Nagar, Sunkadakatte, magadi Road Bangalore",Anjana Nagar,Bangalore,500.0,1,2,0,Unfurnished,10.0,5000.0
4 BHK House for Rent in Sanjayanagara Bangalore,Sanjayanagara,Bangalore,1250.0,4,2,2,Semi-Furnished,32.0,40000.0
"3 BHK House for Rent in Doddanekundi, Kartik Nagar Bangalore",Doddanekundi,Bangalore,900.0,3,2,0,Semi-Furnished,31.0,28000.0
"3 BHK Flat for Rent in Koramangala, Bangalore",Koramangala,Bangalore,1400.0,3,3,0,Furnished,61.0,85000.0
"3 BHK Flat for Rent in Hutchins Road, Bangalore",Hutchins Road,Bangalore,1600.0,3,3,3,Unfurnished,35.0,56000.0
"3 BHK Flat for Rent in Yelahanka, Bangalore",Yelahanka,Bangalore,1300.0,3,2,2,Unfurnished,35.0,45000.0
5 BHK House for Rent in Stage 2nd Rajajinagar Bangalore,Rajajinagar Stage 2,Bangalore,4000.0,5,5,4,Unfurnished,21.0,85000.0
"3 BHK Flat for Rent in Sarjapur Road, Bangalore",Sarjapur Road,Bangalore,1860.0,3,3,0,Unfurnished,35.0,65000.0
"2 BHK Flat for Rent in Bommasandra Jigani Link Road, Bangalore",Bommasandra Jigani Link Road,Bangalore,950.0,2,2,2,Semi-Furnished,22.0,21000.0
"2 BHK House for Rent in Gattahalli, Electronic City Bangalore",Gattahalli,Bangalore,900.0,2,2,0,Semi-Furnished,24.0,21500.0
"3 BHK Flat for Rent in Budigere, Bangalore",Budigere,Bangalore,1250.0,3,3,2,Semi-Furnished,24.0,30000.0
"3 BHK Flat for Rent in Sarjapur Road, Bangalore",Sarjapur Road,Bangalore,1658.0,3,3,0,Semi-Furnished,36.0,60000.0
1 BHK House for Rent in Rajajinagar Bangalore,Rajaji Nagar,Bangalore,625.0,1,1,0,Unfurnished,10.0,6500.0
"1 BHK Flat for Rent in Whitefield, Bangalore",Whitefield,Bangalore,670.0,1,1,0,Semi-Furnished,45.0,30000.0
"4 BHK Flat for Rent in Whitefield, Bangalore",Whitefield,Bangalore,5500.0,4,5,2,Semi-Furnished,55.0,300000.0
"3 BHK Flat for Rent in A Narayanapura, Mahadevapura, Bangalore",A Narayanapura,Bangalore,990.0,3,3,2,Semi-Furnished,71.0,70000.0
"2 BHK Flat for Rent in Kaggadasapura, Indira nagar, Bangalore",Kaggadasapura,Bangalore,1245.0,2,2,2,Semi-Furnished,35.0,44000.0
"2 BHK Flat for Rent in Basavanagudi, Bangalore",Basavanagudi,Bangalore,900.0,2,1,0,Unfurnished,20.0,18000.0
"2 BHK Flat for Rent in Ejipura, Bangalore",Ejipura,Bangalore,650.0,2,1,0,Semi-Furnished,16.0,10500.0
1 BHK House for Rent in Krishnarajapura Bangalore,KR Puram,Bangalore,600.0,1,1,0,Unfurnished,18.0,11000.0
4 BHK Villa for Rent in Phase 2 Electronic City Bangalore,Electronic City Phase 2,Bangalore,1800.0,4,3,0,Semi-Furnished,19.0,35000.0
"2 BHK Flat for Rent in Marathahalli, Bangalore",Marathahalli,Bangalore,1263.0,2,2,0,Unfurnished,18.0,23000.0
1 BHK House for Rent in Adugodi Bangalore,Adugodi,Bangalore,450.0,1,1,0,Semi-Furnished,22.0,10000.0
3 BHK Villa for Rent in Whitefield Bangalore,Whitefield,Bangalore,2000.0,3,3,0,Semi-Furnished,22.0,45000.0
3 BHK House for Rent in Balaji Layout Kaggadasapura Bangalore,Balaji Layout,Bangalore,2300.0,3,3,0,Semi-Furnished,24.0,55000.0
"4 BHK Villa for Rent in Epip Zone, Whitefield Bangalore",EPIP Zone,Bangalore,3850.0,4,5,2,Unfurnished,78.0,300000.0
"2 BHK Flat for Rent in Nehru Nagar, Bangalore",Nehru Nagar,Bangalore,1375.0,2,2,0,Semi-Furnished,29.0,40000.0
"3 BHK Flat for Rent in Basapura Main Road, Bangalore",Basapura Main Road,Bangalore,1350.0,3,3,2,Unfurnished,22.0,30000.0
"2 BHK Flat for Rent in Laxmi Sagar Layout, Mahadevapura, Bangalore",Laxmi Sagar Layout,Bangalore,1130.0,2,2,2,Semi-Furnished,42.0,47000.0
"3 BHK Flat for Rent in Ramamurthy Nagar, Bangalore",Ramamurthy Nagar,Bangalore,1350.0,3,2,2,Furnished,37.0,50000.0
"1 BHK Flat for Rent in Phase 1 Electronics City, Bangalore",Electronics City Phase 1,Bangalore,500.0,1,1,0,Semi-Furnished,22.0,11000.0
"2 BHK Flat for Rent in Hennur Gardens, Bangalore",Hennur,Bangalore,1232.0,2,2,0,Semi-Furnished,37.0,46000.0
2 BHK House for Rent in Hennur Gardens Bangalore,Hennur,Bangalore,750.0,2,2,0,Unfurnished,21.0,16000.0
"3 BHK Flat for Rent in Electronic City, Bangalore",Electronic City,Bangalore,1050.0,3,2,0,Semi-Furnished,40.0,42000.0
"3 BHK Flat for Rent in Jakkur, Bangalore",Jakkur,Bangalore,1490.0,3,3,0,Semi-Furnished,43.0,64000.0
"2 BHK Flat for Rent in Stage 6th Banashankari, Bangalore",Banashankari stage 6,Bangalore,989.0,2,2,0,Semi-Furnished,36.0,35500.0
"3 BHK Flat for Rent in Nagavara, Bangalore",Nagavara,Bangalore,2450.0,3,4,0,Semi-Furnished,35.0,85000.0
4 BHK Villa for Rent in Yelahanka Bangalore,Yelahanka,Bangalore,4025.0,4,5,0,Semi-Furnished,75.0,300000.0
4 BHK Villa for Rent in RT Nagar Bangalore,RT Nagar,Bangalore,2400.0,4,4,3,Semi-Furnished,50.0,120000.0
"4 BHK Flat for Rent in Rajajinagar Industrial Town, Rajajinagar, Bangalore",Rajaji Nagar Industrial Town,Bangalore,2467.0,4,5,2,Semi-Furnished,101.0,250000.0
"3 BHK Flat for Rent in Vittal Mallya Road, Bangalore",Vittal Mallya Road,Bangalore,3200.0,3,3,3,Semi-Furnished,94.0,300000.0
4 BHK House for Rent in Whitefield Bangalore,Whitefield,Bangalore,3500.0,4,5,0,Semi-Furnished,23.0,80000.0
"2 BHK Flat for Rent in Kasavanahalli, Bangalore",Kasavanahalli,Bangalore,750.0,2,2,0,Unfurnished,29.0,22000.0
"3 BHK Flat for Rent in Hennur Main Road, Bangalore",Hennur Main Road,Bangalore,1320.0,3,3,0,Semi-Furnished,38.0,50000.0
"3 BHK Flat for Rent in Banashankari, Bangalore",Banashankari,Bangalore,1891.0,3,3,0,Semi-Furnished,42.0,80000.0
"8 BHK Flat for Rent in Stage 5th RR Nagar, Bangalore",Rajarajeshwari Nagar Stage 5,Bangalore,2000.0,8,8,4,Semi-Furnished,65.0,130000.0
"3 BHK Flat for Rent in Whitefield, Bangalore",Whitefield,Bangalore,1740.0,3,3,2,Unfurnished,43.0,75000.0
2 BHK House for Rent in Ramachandrapura Jalahalli East Bangalore,Ramchandrapura,Bangalore,700.0,2,2,0,Semi-Furnished,11.0,8000.0
"3 BHK Flat for Rent in Bannerghatta Main Road, Bangalore",Bannerghatta Road,Bangalore,1495.0,3,3,0,Semi-Furnished,30.0,45000.0
"2 BHK Flat for Rent in Devanahalli, Bangalore",Devanahalli,Bangalore,1080.0,2,2,0,Semi-Furnished,27.0,29000.0
4 BHK House for Rent in Phase 5 JP Nagar Bangalore,Phase 5 JP Nagar,Bangalore,1600.0,4,3,0,Semi-Furnished,25.0,40000.0
"2 BHK Flat for Rent in J P Nagar, Bangalore",JP Nagar,Bangalore,1500.0,2,2,3,Semi-Furnished,23.0,35000.0
1 BHK House for Rent in Rajajinagar Bangalore,Rajaji Nagar,Bangalore,450.0,1,1,0,Semi-Furnished,11.0,5000.0
4 BHK House for Rent in Banashankari Bangalore,Banashankari,Bangalore,4500.0,4,4,4,Semi-Furnished,33.0,150000.0
"2 BHK Flat for Rent in Subbaiahnapalya, Bangalore",Subbaiahnapalya,Bangalore,900.0,2,2,0,Unfurnished,18.0,16000.0
"2 BHK Flat for Rent in Kalyan Nagar, Bangalore",Kalyan Nagar,Bangalore,1145.0,2,2,2,Semi-Furnished,26.0,30000.0
"3 BHK Flat for Rent in Whitefield, Bangalore",Whitefield,Bangalore,1000.0,3,3,0,Semi-Furnished,70.0,70000.0
"3 BHK Flat for Rent in Kogilu Main Road, Bangalore",Kogilu Main Road,Bangalore,1350.0,3,2,2,Semi-Furnished,33.0,45000.0
"3 BHK Flat for Rent in Hbr Layout, Bangalore",HBR Layout,Bangalore,1250.0,3,2,0,Semi-Furnished,24.0,30000.0
"4 BHK Flat for Rent in Anandnagar Hebbal, Bangalore",Anand Nagar- Hebbal,Bangalore,2200.0,4,4,3,Semi-Furnished,45.0,100000.0
"2 BHK Flat for Rent in Varthur, Bangalore",Varthur,Bangalore,800.0,2,2,0,Semi-Furnished,51.0,41000.0
2 BHK House for Rent in Attibele Bangalore,Attibele,Bangalore,900.0,2,2,0,Unfurnished,11.0,10000.0
"3 BHK Flat for Rent in Bannerghatta Main Road, Bangalore",Bannerghatta Road,Bangalore,1710.0,3,3,2,Semi-Furnished,28.0,48000.0
2 BHK House for Rent in T Dasarahalli Bangalore,T Dasarahalli,Bangalore,1100.0,2,1,0,Semi-Furnished,91.0,100000.0
"2 BHK Flat for Rent in Kudlu Gate, Bangalore",Kudlu Gate,Bangalore,945.0,2,2,0,Semi-Furnished,53.0,50000.0
"3 BHK Flat for Rent in Hebbal, Bangalore",Hebbal,Bangalore,3000.0,3,3,3,Furnished,48.0,150000.0
"2 BHK Flat for Rent in Pai Layout Mahadevapura, Bangalore",Pai Layout Mahadevapura,Bangalore,915.0,2,2,0,Semi-Furnished,27.0,25000.0
1 BHK House for Rent in Naganathapura Rayasandra Bangalore,Naganathapura,Bangalore,450.0,1,1,0,Unfurnished,18.0,7900.0
"2 BHK Flat for Rent in Thubarahalli, Whitefield, Bangalore",Thubarahalli,Bangalore,1300.0,2,2,0,Semi-Furnished,35.0,46000.0
"2 BHK Flat for Rent in Thanisandra, Bangalore",Thanisandra,Bangalore,1000.0,2,2,0,Semi-Furnished,22.0,22000.0
2 BHK House for Rent in Byrathi Bangalore,Byrathi,Bangalore,800.0,2,2,0,Semi-Furnished,13.0,10000.0
"3 BHK Flat for Rent in Ambalipura Haralur, Bangalore",Ambalipura,Bangalore,1770.0,3,3,2,Furnished,34.0,60000.0
"4 BHK Flat for Rent in Hebbal, Bangalore",Hebbal,Bangalore,2617.0,4,4,3,Furnished,62.0,160000.0
"10 BHK Flat for Rent in Hoodi, Hoodi, Bangalore",Hoodi,Bangalore,1650.0,10,3,4,Semi-Furnished,35.0,58000.0
"3 BHK Villa for Rent in Akshya Nagar, Ramamurthi Nagar Bangalore",Akshya Nagar,Bangalore,2650.0,3,3,4,Unfurnished,15.0,40000.0
"3 BHK Flat for Rent in Sarjapur Road, Bangalore",Sarjapur Road,Bangalore,1700.0,3,4,2,Semi-Furnished,44.0,75000.0
1 BHK House for Rent in Electronic City Bangalore,Electronic City,Bangalore,450.0,1,1,0,Unfurnished,11.0,5000.0
"3 BHK Flat for Rent in Gottigere, Bangalore",Gottigere,Bangalore,1207.0,3,2,0,Unfurnished,11.0,13000.0
1 BHK House for Rent in Sunkadakatte Bangalore,Sunkadakatte,Bangalore,550.0,1,1,0,Unfurnished,9.0,5000.0
"3 BHK Flat for Rent in Pulikeshi Nagar, Bangalore",Frazer Town,Bangalore,1700.0,3,3,2,Semi-Furnished,24.0,40000.0
"2 BHK Flat for Rent in Block 2nd HBR Layout, Bangalore",HBR Layout Block 2,Bangalore,1200.0,2,2,0,Semi-Furnished,17.0,20000.0
"2 BHK Flat for Rent in Sector 1st HSR Layout, Bangalore",Sector 1 HSR Layout,Bangalore,1250.0,2,2,3,Semi-Furnished,40.0,50000.0
"3 BHK Flat for Rent in Whitefield, Bangalore",Whitefield,Bangalore,1890.0,3,3,2,Semi-Furnished,25.0,48000.0
"2 BHK House for Rent in Hoodi, Hoodi Bangalore",Hoodi,Bangalore,600.0,2,1,0,Unfurnished,25.0,15000.0
4 BHK House for Rent in Outer Ring Road Bangalore,Ring Road,Bangalore,1600.0,4,4,0,Semi-Furnished,62.0,100000.0
2 BHK House for Rent in Jigani Bangalore,Jigani,Bangalore,700.0,2,2,0,Semi-Furnished,15.0,10750.0
"2 BHK Flat for Rent in Haralur, Bangalore",Haralur,Bangalore,712.0,2,2,2,Furnished,70.0,50000.0
"4 BHK Flat for Rent in Block 5th Jayanagar, Bangalore",Block 5th Jayanagar,Bangalore,3000.0,4,4,3,Semi-Furnished,67.0,200000.0
"3 BHK Flat for Rent in J P Nagar, Bangalore",JP Nagar,Bangalore,1587.0,3,2,0,Semi-Furnished,24.0,38000.0
3 BHK House for Rent in Jakkur Bangalore,Jakkur,Bangalore,2400.0,3,3,4,Semi-Furnished,38.0,90000.0
"2 BHK Flat for Rent in CV Raman Nagar, Bangalore",C V Raman Nagar,Bangalore,1300.0,2,2,0,Semi-Furnished,31.0,40000.0
4 BHK Villa for Rent in Thanisandra Main Road Bangalore,Thanisandra Main Road,Bangalore,2830.0,4,4,2,Semi-Furnished,20.0,58000.0
"2 BHK Flat for Rent in Electronic City, Bangalore",Electronic City,Bangalore,1100.0,2,2,0,Semi-Furnished,38.0,42000.0
"1 BHK Flat for Rent in Doddanekundi, Kartik Nagar, Bangalore",Doddanekundi,Bangalore,430.0,1,1,0,Semi-Furnished,33.0,14000.0
"1 BHK Flat for Rent in Manayata Tech Park, Bangalore",Manyata Tech Park,Bangalore,950.0,1,1,0,Semi-Furnished,26.0,25000.0
"3 BHK Flat for Rent in Cleveland Town, Frazer Town, Bangalore",Cleveland Town,Bangalore,2750.0,3,4,3,Semi-Furnished,45.0,130000.0
"1 BHK Flat for Rent in Munnekollal, Bangalore",Munnekollal,Bangalore,450.0,1,1,0,Semi-Furnished,38.0,17000.0
1 BHK House for Rent in Bapuji Nagar Bangalore,Bapuji Nagar,Bangalore,300.0,1,1,0,Unfurnished,17.0,5000.0
1 BHK House for Rent in Nanjappa Layout Adugodi Bangalore,Nanjappa Layout Adugodi,Bangalore,500.0,1,1,0,Unfurnished,26.0,13000.0
"2 BHK Flat for Rent in Yelahanka, Bangalore",Yelahanka,Bangalore,1468.0,2,2,0,Furnished,34.0,50000.0
4 BHK House for Rent in Dasarahalli Bangalore,Dasarahalli,Bangalore,2000.0,4,3,0,Semi-Furnished,38.0,75000.0
"4 BHK Villa for Rent in Ecc Road, Whitefield Bangalore",ECC Road,Bangalore,3606.0,4,4,2,Semi-Furnished,35.0,130000.0
2 BHK House for Rent in Ramamurthy Nagar Bangalore,Ramamurthy Nagar,Bangalore,1200.0,2,2,0,Semi-Furnished,17.0,20000.0
1 BHK House for Rent in Arekere Bangalore,Arekere,Bangalore,750.0,1,2,0,Semi-Furnished,20.0,15000.0
2 BHK House for Rent in Indiranagar Bangalore,Indira Nagar,Bangalore,1400.0,2,2,0,Unfurnished,16.0,23000.0
"3 BHK Flat for Rent in Marathahalli, Bangalore",Marathahalli,Bangalore,1590.0,3,2,0,Semi-Furnished,41.0,65000.0
"3 BHK Flat for Rent in Tatanagar, Bangalore",Tata Nagar,Bangalore,1000.0,3,2,0,Semi-Furnished,22.0,22000.0
2 BHK House for Rent in Vijayanagar Bangalore,Vijayanagar,Bangalore,1000.0,2,2,0,Semi-Furnished,25.0,25000.0
"1 BHK House for Rent in Itpl, Whitefield Bangalore",ITPL,Bangalore,300.0,1,1,0,Furnished,60.0,18000.0
"3 BHK Flat for Rent in Bagalur Main Road, Bangalore",Bagalur Main Road,Bangalore,1562.0,3,3,0,Unfurnished,27.0,42000.0
"3 BHK Flat for Rent in Whitefield, Bangalore",Whitefield,Bangalore,1688.0,3,2,2,Semi-Furnished,24.0,40000.0
"2 BHK House for Rent in Aecs Layout-Singasandra, Singasandra, Hosur Road Bangalore",AECS Layout-Singasandra,Bangalore,900.0,2,2,0,Semi-Furnished,83.0,75000.0
"2 BHK Flat for Rent in Rajajinagar, Bangalore",Rajaji Nagar,Bangalore,1300.0,2,2,0,Semi-Furnished,142.0,190000.0
"2 BHK Flat for Rent in Block 4 Koramangala, Bangalore",Koramangala Block 4,Bangalore,1100.0,2,2,0,Semi-Furnished,38.0,42000.0
"3 BHK Flat for Rent in Defence Enclave, Bangalore",Defence Enclave,Bangalore,1600.0,3,4,0,Semi-Furnished,27.0,43000.0
"3 BHK Flat for Rent in Hebbal, Bangalore",Hebbal,Bangalore,2700.0,3,4,3,Semi-Furnished,93.0,250000.0
"2 BHK Flat for Rent in Talaghattapura, Bangalore",Talaghattapura,Bangalore,920.0,2,2,0,Semi-Furnished,32.0,29000.0
"2 BHK Flat for Rent in Sarjapur Road, Bangalore",Sarjapur Road,Bangalore,940.0,2,2,0,Unfurnished,48.0,45000.0
"2 BHK Flat for Rent in Holiday Village Road, Bangalore",Holiday Village Road,Bangalore,1150.0,2,2,2,Semi-Furnished,25.0,28900.0
"2 BHK Flat for Rent in Tumkur Road, Bangalore",Tumkur Road,Bangalore,900.0,2,2,0,Semi-Furnished,39.0,35000.0
2 BHK House for Rent in Jigani Bangalore,Jigani,Bangalore,750.0,2,1,0,Semi-Furnished,15.0,11000.0
"2 BHK Flat for Rent in Ramamurthy Nagar, Bangalore",Ramamurthy Nagar,Bangalore,600.0,2,1,0,Semi-Furnished,18.0,11000.0
"3 BHK Flat for Rent in Kanakapura Road, Bangalore",Kanakapura Road,Bangalore,1650.0,3,3,2,Semi-Furnished,39.0,65000.0
"3 BHK Flat for Rent in Koramangala, Bangalore",Koramangala,Bangalore,1600.0,3,3,0,Semi-Furnished,50.0,80000.0
"3 BHK Flat for Rent in Trinity Church Road, Bangalore",Trinity Church Road,Bangalore,1800.0,3,3,2,Unfurnished,47.0,85000.0
"3 BHK Flat for Rent in Kempegowda International Airport Road, Bangalore",New International Airport Road,Bangalore,1500.0,3,3,0,Semi-Furnished,30.0,45000.0
"3 BHK Flat for Rent in Dollars Colony Stage 2nd RMV, Bangalore",Dollars Colony,Bangalore,2650.0,3,2,2,Unfurnished,49.0,130000.0
3 BHK House for Rent in Sanjayanagara Bangalore,Sanjayanagara,Bangalore,1100.0,3,2,0,Semi-Furnished,27.0,30000.0
"1 BHK Flat for Rent in Bannerughatta, Bangalore",Bannerghatta,Bangalore,470.0,1,1,0,Semi-Furnished,68.0,32000.0
3 BHK Villa for Rent in Horamavu Bangalore,Horamavu,Bangalore,2400.0,3,3,3,Semi-Furnished,27.0,65000.0
"1 BHK Flat for Rent in Kadabagere, Bangalore",Kadabagere,Bangalore,650.0,1,1,0,Furnished,9.0,6000.0
1 BHK House for Rent in Bettadasanapura Bangalore,Bettadasanapura,Bangalore,550.0,1,1,0,Semi-Furnished,17.0,9500.0
"3 BHK Flat for Rent in Seegehalli, Bangalore",Seegehalli,Bangalore,1400.0,3,4,2,Semi-Furnished,37.0,52000.0
"2 BHK Flat for Rent in Kasavanahalli, Bangalore",Kasavanahalli,Bangalore,950.0,2,2,0,Semi-Furnished,12.0,11000.0
"3 BHK House for Rent in Beml Layout-Brookefield, Brookefield Bangalore",BEML Layout-Brookefield,Bangalore,1400.0,3,2,2,Semi-Furnished,25.0,35000.0
"2 BHK Flat for Rent in Abbigere, Bangalore",Abbigere,Bangalore,1144.0,2,2,0,Unfurnished,27.0,31000.0
1 BHK House for Rent in J P Nagar Bangalore,JP Nagar,Bangalore,500.0,1,1,0,Furnished,30.0,15000.0
"3 BHK Flat for Rent in CV Raman Nagar, Bangalore",C V Raman Nagar,Bangalore,1500.0,3,2,3,Unfurnished,27.0,40000.0
"2 BHK Flat for Rent in Whitefield, Bangalore",Whitefield,Bangalore,1255.0,2,2,0,Semi-Furnished,33.0,42000.0
2 BHK House for Rent in Vidyaranyapura Bangalore,Vidyaranyapura,Bangalore,750.0,2,2,0,Semi-Furnished,20.0,15000.0
3 BHK Villa for Rent in Phase 3 Reliable Residency Layout Bangalore,Phase 3 Reliable Residency Layout,Bangalore,3000.0,3,3,4,Semi-Furnished,20.0,60000.0
"3 BHK Flat for Rent in Pragathi Nagar, Bangalore",Pragathi Nagar,Bangalore,1150.0,3,2,2,Semi-Furnished,19.0,22000.0
"2 BHK Flat for Rent in Sarjapur Road, Bangalore",Sarjapur Road,Bangalore,800.0,2,2,0,Semi-Furnished,22.0,18000.0
"2 BHK Flat for Rent in Yelahanka Airforce Base, Bangalore",Yelahanka Air Force base,Bangalore,700.0,2,2,2,Semi-Furnished,36.0,25000.0
"1 BHK House for Rent in Aecs Layout-Singasandra, Singasandra, Hosur Road Bangalore",AECS Layout-Singasandra,Bangalore,600.0,1,1,0,Semi-Furnished,17.0,10000.0
"3 BHK Flat for Rent in Krishnarajapura, Bangalore",KR Puram,Bangalore,1765.0,3,3,0,Unfurnished,31.0,55000.0
2 BHK House for Rent in Seegehalli Krishnarajapura Bangalore,Seegehalli KR Puram,Bangalore,1100.0,2,2,0,Semi-Furnished,16.0,18000.0
2 BHK House for Rent in Jigani Bangalore,Jigani,Bangalore,850.0,2,2,0,Semi-Furnished,14.0,11500.0
2 BHK House for Rent in J P Nagar Bangalore,JP Nagar,Bangalore,600.0,2,1,0,Unfurnished,25.0,15000.0
"3 BHK Flat for Rent in Konanakunte, Bangalore",Konanakunte,Bangalore,1583.0,3,3,0,Semi-Furnished,35.0,55000.0
"3 BHK Flat for Rent in Yelahanka Airforce Base, Bangalore",Yelahanka Air Force base,Bangalore,1599.0,3,3,0,Semi-Furnished,25.0,40000.0
"1 BHK Flat for Rent in Sector 1st HSR Layout, Bangalore",Sector 1 HSR Layout,Bangalore,540.0,1,1,0,Semi-Furnished,59.0,32000.0
"2 BHK Flat for Rent in Bagalur Main Road, Bangalore",Bagalur Main Road,Bangalore,687.0,2,2,0,Semi-Furnished,36.0,25000.0
"2 BHK Flat for Rent in Richmond Town, Richmond Town, Bangalore",Richmond Town,Bangalore,1200.0,2,2,0,Furnished,63.0,75000.0
"3 BHK Flat for Rent in Begur Road, Bangalore",Begur Road,Bangalore,1403.0,3,4,2,Unfurnished,39.0,55000.0
2 BHK House for Rent in Margondanahalli Bangalore,Margondanahalli,Bangalore,1200.0,2,2,0,Unfurnished,15.0,18000.0
"3 BHK House for Rent in Cambridge Layout, Jogupalya Bangalore",Cambridge Layout,Bangalore,1200.0,3,3,0,Unfurnished,250.0,300000.0
3 BHK House for Rent in Anjanapura Township Bangalore,Anjanapura Township,Bangalore,1600.0,3,3,0,Semi-Furnished,19.0,30000.0
"3 BHK Flat for Rent in Dasarahalli Main Road, Bangalore",Dasarahalli Main Road,Bangalore,1400.0,3,2,3,Semi-Furnished,21.0,30000.0
2 BHK House for Rent in Stage 2nd BTM Layout Bangalore,BTM Layout Stage 2,Bangalore,1800.0,2,2,0,Unfurnished,20.0,36000.0
"3 BHK Flat for Rent in Kanakapura Road, Bangalore",Kanakapura Road,Bangalore,1510.0,3,3,2,Semi-Furnished,30.0,45000.0
"2 BHK Flat for Rent in Phase 7 JP Nagar, Bangalore",Phase 7 JP Nagar,Bangalore,1050.0,2,2,2,Semi-Furnished,27.0,28000.0
"2 BHK Flat for Rent in Govindpura, Dooravani Nagar, Bangalore",Govindpura,Bangalore,450.0,2,1,0,Unfurnished,22.0,10000.0
